state,pollster,number.of.observations,start.date,end.date,obama,romney,other,undecided,mode,population
NY,SurveyUSA,518,2/27/12,3/1/12,60,30,10,0,Live Phone,Registered Voters
VT,Castleton Polling Institute,800,2/27/12,3/1/12,59,33,8,0,Live Phone,Registered Voters
NJ,SurveyUSA,533,2/27/12,3/1/12,52,38,10,0,Live Phone,Registered Voters
PA,Morning Call/Muhlenberg,625,2/27/12,3/1/12,48,37,15,0,Live Phone,Registered Voters
GA,SurveyUSA,1156,2/27/12,3/1/12,42,49,9,0,Live Phone,Registered Voters
VA,Roanoke College,607,2/28/12,3/2/12,42,43,15,0,Live Phone,Registered Voters
NJ,Quinnipiac,1396,2/29/12,3/3/12,49,39,12,0,Live Phone,Registered Voters
WI,Rasmussen,500,2/29/12,3/3/12,47,42,11,0,Live Phone,Registered Voters
WI,Public Policy,900,3/1/12,3/4/12,53,39,8,0,Live Phone,Registered Voters
VA,NBC/Marist,1273,3/4/12,3/7/12,52,35,13,0,Live Phone,Registered Voters
OH,NBC/Marist,1573,3/4/12,3/7/12,50,38,12,0,Live Phone,Registered Voters
MA,Western New England Univ.,527,3/5/12,3/8/12,60,36,4,0,Live Phone,Registered Voters
MA,Rasmussen,500,3/5/12,3/8/12,55,38,7,0,Live Phone,Registered Voters
NE,Rasmussen,500,3/7/12,3/10/12,35,52,13,0,Live Phone,Likely Voters
ME,Public Policy,1256,3/8/12,3/11/12,58,35,7,0,Live Phone,Registered Voters
PA,Public Policy,689,3/13/12,3/16/12,49,42,9,0,Live Phone,Registered Voters
NJ,Fairleigh Dickinson U.,800,3/14/12,3/17/12,50,37,13,0,Live Phone,Registered Voters
NC,Public Policy,804,3/14/12,3/17/12,49,46,5,0,Live Phone,Registered Voters
PA,Quinnipiac,1256,3/14/12,3/17/12,46,40,14,0,Live Phone,Registered Voters
FL,Rasmussen,500,3/15/12,3/18/12,46,43,11,0,Live Phone,Likely Voters
AZ,Rasmussen,500,3/15/12,3/18/12,40,51,9,0,Live Phone,Likely Voters
MO,Rasmussen,500,3/19/12,3/22/12,41,50,9,0,Live Phone,Likely Voters
VA,Quinnipiac,1034,3/20/12,3/23/12,50,42,8,0,Live Phone,Registered Voters
MA,Public Policy,936,3/21/12,3/24/12,58,35,7,0,Live Phone,Registered Voters
NV,Rasmussen,500,3/21/12,3/24/12,50,44,6,0,Live Phone,Likely Voters
NH,American Research Group,557,3/21/12,3/24/12,48,41,11,0,Live Phone,Registered Voters
CT,Quinnipiac,1622,3/22/12,3/25/12,53,37,10,0,Live Phone,Registered Voters
VA,Rasmussen,500,3/22/12,3/25/12,51,42,7,0,Live Phone,Likely Voters
OR,SurveyUSA,1615,3/22/12,3/25/12,50,39,11,0,Live Phone,Registered Voters
CA,USC/Los Angeles Times,1500,3/25/12,3/28/12,57,36,7,0,Live Phone,Registered Voters
WI,Marquette Univ. Law School,707,3/27/12,3/30/12,48,43,9,0,Live Phone,Registered Voters
AR,Talk Business / Hendrix College,759,3/27/12,3/30/12,33,57,10,0,Live Phone,Likely Voters
FL,Quinnipiac,1228,3/28/12,3/31/12,49,42,9,0,Live Phone,Registered Voters
OH,Quinnipiac,1246,3/28/12,3/31/12,47,41,12,0,Live Phone,Registered Voters
PA,Quinnipiac,1232,3/28/12,3/31/12,45,42,13,0,Live Phone,Registered Voters
NE,Public Policy,1028,3/28/12,3/31/12,39,51,10,0,Live Phone,Likely Voters
WI,Rasmussen,500,3/29/12,4/1/12,52,41,7,0,Live Phone,Likely Voters
OH,Rasmussen,500,3/29/12,4/1/12,48,40,12,0,Live Phone,Likely Voters
WI,NBC/Marist,2792,3/30/12,4/2/12,52,35,13,0,Live Phone,Registered Voters
CA,SurveyUSA,1995,4/3/12,4/6/12,62,31,7,0,Live Phone,Registered Voters
NV,Public Policy,553,4/4/12,4/7/12,51,43,6,0,Live Phone,Registered Voters
IN,Howey / DePauw,503,4/4/12,4/7/12,40,49,11,0,Live Phone,Likely Voters
MT,Rasmussen,500,4/4/12,4/7/12,40,49,11,0,Live Phone,Likely Voters
NY,Quinnipiac,1597,4/5/12,4/8/12,56,33,11,0,Live Phone,Registered Voters
--,Pew,2373,4/4/12,4/9/12,49,45,0,4,Live Phone,Likely Voters
ME,Maine People's Resource Center,993,4/7/12,4/10/12,55,37,8,0,Live Phone,Registered Voters
MI,EPIC-MRA,600,4/9/12,4/12/12,47,43,10,0,Live Phone,Likely Voters
CA,SurveyUSA,1995,4/10/12,4/13/12,62,31,7,0,Live Phone,Registered Voters
NY,Siena College,808,4/10/12,4/13/12,60,35,5,0,Live Phone,Registered Voters
CO,Public Policy,542,4/10/12,4/13/12,53,40,7,0,Live Phone,Registered Voters
NM,Rasmussen,500,4/10/12,4/13/12,52,36,12,0,Live Phone,Likely Voters
VA,Roanoke College,603,4/10/12,4/13/12,40,46,14,0,Live Phone,Registered Voters
MA,Rasmussen,500,4/11/12,4/14/12,51,40,9,0,Live Phone,Likely Voters
NC,Public Policy,975,4/11/12,4/14/12,49,44,7,0,Live Phone,Registered Voters
NJ,Quinnipiac,1607,4/12/12,4/15/12,49,40,11,0,Live Phone,Registered Voters
--,Quinnipiac,2577,4/11/12,4/16/12,46,42,2,8,Live Phone,Likely Voters
--,Gallup ,2200,4/11/12,4/16/12,45,47,2,4,Live Phone,Likely Voters
NC,Rasmussen,500,4/13/12,4/16/12,44,46,10,0,Live Phone,Likely Voters
--,Public Policy Polling,900,4/12/12,4/17/12,49,46,0,2,Live Phone,Likely Voters
--,Reuters/Ipsos,891,4/12/12,4/17/12,47,43,2,6,Live Phone,Likely Voters
--,Rasmussen ,1500,4/12/12,4/17/12,44,48,2,4,Live Phone,Likely Voters
--,CNN/Opinion Research,910,4/13/12,4/18/12,52,43,0,2,Live Phone,Likely Voters
--,NBC/Wall Street Journal,1000,4/13/12,4/18/12,49,43,2,4,Live Phone,Likely Voters
--,CBS News/New York Times,852,4/13/12,4/18/12,46,46,2,4,Live Phone,Likely Voters
--,YouGov/YouGov,1000,4/14/12,4/19/12,49,42,2,6,Live Phone,Likely Voters
NY,NY1/YNN-Marist,632,4/17/12,4/20/12,57,35,8,0,Live Phone,Registered Voters
FL,Public Policy,700,4/17/12,4/20/12,50,45,5,0,Live Phone,Registered Voters
--,Rasmussen ,1500,4/15/12,4/20/12,43,47,2,6,Live Phone,Likely Voters
--,Gallup ,2200,4/16/12,4/21/12,45,46,2,6,Live Phone,Likely Voters
NH,Rockefeller Ctr. (Dartmouth),403,4/18/12,4/21/12,42,44,14,0,Live Phone,Registered Voters
FL,Fox News,757,4/19/12,4/22/12,45,43,12,0,Live Phone,Registered Voters
MO,Rasmussen,500,4/19/12,4/22/12,45,48,7,0,Live Phone,Likely Voters
OH,Fox News,606,4/19/12,4/22/12,45,39,16,0,Live Phone,Registered Voters
OH,Rasmussen,500,4/20/12,4/23/12,46,42,12,0,Live Phone,Likely Voters
--,Public Policy Polling/Daily Kos/SEIU,1000,4/19/12,4/24/12,49,44,2,4,Live Phone,Likely Voters
--,National Journal,1004,4/19/12,4/24/12,47,39,4,8,Live Phone,Likely Voters
NH,Granite State Poll - Univ. of NH,538,4/23/12,4/26/12,51,42,7,0,Live Phone,Registered Voters
--,Gallup ,2200,4/21/12,4/26/12,50,43,2,4,Live Phone,Likely Voters
OH,Purple Strategies,600,4/23/12,4/26/12,49,44,7,0,Live Phone,Likely Voters
VA,Purple Strategies,600,4/23/12,4/26/12,48,46,6,0,Live Phone,Likely Voters
CO,Purple Strategies,600,4/23/12,4/26/12,47,47,6,0,Live Phone,Likely Voters
FL,Purple Strategies,600,4/23/12,4/26/12,45,47,8,0,Live Phone,Likely Voters
AZ,Arizona St. Morrison Inst.,488,4/23/12,4/26/12,40,42,18,0,Live Phone,Registered Voters
TX,Public Policy,591,4/24/12,4/27/12,43,50,7,0,Live Phone,Registered Voters
NM,Public Policy,526,4/25/12,4/28/12,54,40,6,0,Live Phone,Registered Voters
VA,Rasmussen,500,4/25/12,4/28/12,44,45,11,0,Live Phone,Likely Voters
AZ,Behavior Research Center,511,4/25/12,4/28/12,42,40,18,0,Live Phone,Registered Voters
--,Rasmussen ,1500,4/24/12,4/29/12,47,46,2,4,Live Phone,Likely Voters
FL,Rasmussen,500,4/27/12,4/30/12,45,46,9,0,Live Phone,Likely Voters
--,Investor's Business Daily/Christian Science Monitor/TIPP,856,4/27/12,5/2/12,46,43,2,6,Live Phone,Likely Voters
--,Gallup ,2200,4/27/12,5/2/12,45,46,2,6,Live Phone,Likely Voters
VA,Public Policy,680,5/1/12,5/4/12,51,43,6,0,Live Phone,Registered Voters
NC,SurveyUSA,1636,5/1/12,5/4/12,47,43,10,0,Live Phone,Registered Voters
--,Politico/George Washington University,1000,4/29/12,5/4/12,47,48,0,2,Live Phone,Likely Voters
WV,The West Va. Poll (R.L. Repass),410,5/1/12,5/4/12,37,54,9,0,Live Phone,Registered Voters
NV,Rasmussen,500,5/2/12,5/5/12,52,44,4,0,Live Phone,Likely Voters
WI,Marquette Univ. Law School,705,5/2/12,5/5/12,51,42,7,0,Live Phone,Registered Voters
--,Rasmussen ,1500,4/30/12,5/5/12,47,45,2,4,Live Phone,Likely Voters
MT,Public Policy,934,5/2/12,5/5/12,43,48,9,0,Live Phone,Registered Voters
VA,Washington Post,1101,5/3/12,5/6/12,51,44,5,0,Live Phone,Registered Voters
PA,Quinnipiac,1168,5/3/12,5/6/12,47,39,14,0,Live Phone,Registered Voters
OH,Quinnipiac,1130,5/3/12,5/6/12,44,42,14,0,Live Phone,Registered Voters
AZ,Magellan Strategies,909,5/3/12,5/6/12,43,52,5,0,Live Phone,Likely Voters
FL,Quinnipiac,1169,5/3/12,5/6/12,43,44,13,0,Live Phone,Registered Voters
MT,Rasmussen,450,5/4/12,5/7/12,44,51,5,0,Live Phone,Registered Voters
--,Associated Press,871,5/3/12,5/8/12,50,42,2,4,Live Phone,Likely Voters
--,Reuters,900,5/3/12,5/8/12,49,42,2,6,Live Phone,Likely Voters
--,Gallup ,3000,5/3/12,5/8/12,44,47,2,6,Live Phone,Likely Voters
IA,Public Policy,1181,5/8/12,5/11/12,51,41,8,0,Live Phone,Registered Voters
OH,Public Policy,875,5/8/12,5/11/12,50,43,7,0,Live Phone,Registered Voters
MA,Rasmussen,500,5/9/12,5/12/12,56,35,9,0,Live Phone,Likely Voters
NJ,Fairleigh Dickinson U.,797,5/9/12,5/12/12,50,36,14,0,Live Phone,Registered Voters
FL,Suffolk University,600,5/9/12,5/12/12,46,45,9,0,Live Phone,Registered Voters
--,Angus Reid Public Opinion,769,5/7/12,5/12/12,45,46,2,6,Live Phone,Likely Voters
WA,SurveyUSA,557,5/10/12,5/13/12,50,36,14,0,Live Phone,Registered Voters
OR,SurveyUSA,1468,5/10/12,5/13/12,47,43,10,0,Live Phone,Registered Voters
--,Gallup ,2200,5/8/12,5/13/12,46,45,2,6,Live Phone,Likely Voters
OH,Quinnipiac,1069,5/10/12,5/13/12,45,44,11,0,Live Phone,Registered Voters
GA,Landmark/RosettaStone,600,5/10/12,5/13/12,40.2,51.1,8.7,0,Live Phone,Registered Voters
MN,SurveyUSA,516,5/11/12,5/14/12,52,38,10,0,Live Phone,Registered Voters
WI,Rasmussen,500,5/11/12,5/14/12,49,45,6,0,Live Phone,Likely Voters
--,Pew,3003,5/9/12,5/14/12,49,42,2,6,Live Phone,Likely Voters
MI,Glengariff Group,600,5/11/12,5/14/12,45.1,39.5,15.4,0,Live Phone,Registered Voters
ME,Critical Insights,600,5/12/12,5/15/12,50,42,8,0,Live Phone,Registered Voters
--,Gallup ,3050,5/11/12,5/16/12,45,46,2,6,Live Phone,Likely Voters
--,CBS News/New York Times,562,5/11/12,5/16/12,43,46,2,6,Live Phone,Likely Voters
NY,Siena College,766,5/14/12,5/17/12,57,37,6,0,Live Phone,Registered Voters
--,Rasmussen ,1500,5/12/12,5/17/12,46,45,2,6,Live Phone,Likely Voters
NH,Public Policy,1163,5/15/12,5/18/12,53,41,6,0,Live Phone,Registered Voters
WI,Public Policy,851,5/15/12,5/18/12,47,46,7,0,Live Phone,Registered Voters
--,Fox News/Anderson Robbins/Shaw & Co.,913,5/13/12,5/18/12,46,39,4,10,Live Phone,Likely Voters
NJ,Quinnipiac,1582,5/16/12,5/19/12,49,39,12,0,Live Phone,Registered Voters
NC,Public Policy,666,5/16/12,5/19/12,48,47,5,0,Live Phone,Registered Voters
WI,Marquette Univ. Law School,704,5/16/12,5/19/12,46,46,8,0,Live Phone,Registered Voters
NC,Rasmussen,500,5/16/12,5/19/12,43,51,6,0,Live Phone,Likely Voters
--,NBC/WSJ,1000,5/16/12,5/21/12,47,43,2,6,Live Phone,Likely Voters
NE,Rasmussen,500,5/18/12,5/21/12,39,53,8,0,Live Phone,Likely Voters
--,ABC News/Washington Post,1004,5/17/12,5/22/12,49,45,0,4,Live Phone,Likely Voters
TN,Vanderbilt University,,5/20/12,5/23/12,40,47,13,0,Live Phone,Registered Voters
TX,Univ. of Texas,511,5/21/12,5/24/12,35,55,10,0,Live Phone,Likely Voters
OK,SoonerPoll,504,5/21/12,5/24/12,27,62,11,0,Live Phone,Likely Voters
VT,Castleton Polling Institute,607,5/22/12,5/25/12,59.3,27.5,13.2,0,Live Phone,Registered Voters
PA,Public Policy,671,5/22/12,5/25/12,50,42,8,0,Live Phone,Registered Voters
NC,SurveyUSA,524,5/22/12,5/25/12,44,45,11,0,Live Phone,Likely Voters
CA,PPIC,894,5/23/12,5/26/12,50,39,11,0,Live Phone,Likely Voters
PA,Rasmussen,500,5/23/12,5/26/12,47,41,12,0,Live Phone,Registered Voters
AZ,Public Policy,500,5/23/12,5/26/12,43,50,7,0,Live Phone,Registered Voters
FL,Quinnipiac,1722,5/23/12,5/26/12,41,47,12,0,Live Phone,Registered Voters
MA,Suffolk University,600,5/24/12,5/27/12,59,34,7,0,Live Phone,Likely Voters
WI,St. Norbert College,406,5/24/12,5/27/12,49,43,8,0,Live Phone,Likely Voters
FL,NBC/Marist,1078,5/24/12,5/27/12,48,44,8,0,Live Phone,Registered Voters
OH,NBC/Marist,1103,5/24/12,5/27/12,48,42,10,0,Live Phone,Registered Voters
VA,NBC/Marist,1076,5/24/12,5/27/12,48,44,8,0,Live Phone,Registered Voters
GA,InsiderAdvantage,438,5/24/12,5/27/12,39.9,52.3,7.8,0,Live Phone,Likely Voters
IN,Rasmussen,600,5/25/12,5/28/12,42,48,10,0,Live Phone,Likely Voters
NC,Civitas,600,5/27/12,5/30/12,45,47,8,0,Live Phone,Registered Voters
CA,USC/Los Angeles Times,1002,5/29/12,6/1/12,56,37,7,0,Live Phone,Registered Voters
MI,Public Policy,500,5/29/12,6/1/12,53,39,8,0,Live Phone,Registered Voters
CO,Project New America,601,5/29/12,6/1/12,48,44,8,0,Live Phone,Likely Voters
WI,Marquette Univ. Law School,600,5/30/12,6/2/12,51,43,6,0,Live Phone,Registered Voters
MO,Public Policy,602,5/30/12,6/2/12,45,44,11,0,Live Phone,Registered Voters
CA,SurveyUSA,1575,5/31/12,6/3/12,57,36,7,0,Live Phone,Registered Voters
NY,Quinnipiac,1504,5/31/12,6/3/12,56,31,13,0,Live Phone,Registered Voters
WA,Strategies 360,500,5/31/12,6/3/12,51,40,9,0,Live Phone,Likely Voters
NM,FM3 for Patriot Majority,502,5/31/12,6/3/12,48,35,17,0,Live Phone,Registered Voters
NV,NBC/Marist,1040,5/31/12,6/3/12,48,46,6,0,Live Phone,Registered Voters
CO,NBC/Marist,1030,5/31/12,6/3/12,46,45,9,0,Live Phone,Registered Voters
IA,NBC/Marist,1106,5/31/12,6/3/12,44,44,12,0,Live Phone,Registered Voters
OH,Rasmussen,500,5/31/12,6/3/12,44,46,10,0,Live Phone,Likely Voters
CA,Field Research,710,6/1/12,6/4/12,48,32,20,0,Live Phone,Registered Voters
MA,Western New England Univ.,504,6/2/12,6/5/12,56,34,10,0,Live Phone,Registered Voters
--,Daily Kos/SEIU PPP,1000,5/31/12,6/5/12,50,42,2,4,Live Phone,Likely Voters
MA,Boston Globe/UNH/Cornell,651,6/2/12,6/5/12,46,34,20,0,Live Phone,Registered Voters
FL,Public Policy,642,6/4/12,6/7/12,50,46,4,0,Live Phone,Registered Voters
VA,Rasmussen,500,6/4/12,6/7/12,47,47,6,0,Live Phone,Likely Voters
--,YouGov,1000,6/2/12,6/7/12,47,42,2,6,Live Phone,Likely Voters
--,Rasmussen ,1500,6/2/12,6/7/12,44,48,2,4,Live Phone,Likely Voters
CT,Quinnipiac,1408,6/6/12,6/9/12,50,38,12,0,Live Phone,Registered Voters
PA,Franklin & Marshall,412,6/6/12,6/9/12,48,36,16,0,Live Phone,Registered Voters
MN,Public Policy,973,6/7/12,6/10/12,54,39,7,0,Live Phone,Registered Voters
VA,Purple Strategies,600,6/7/12,6/10/12,49,46,5,0,Live Phone,Likely Voters
CO,Purple Strategies,600,6/7/12,6/10/12,48,46,6,0,Live Phone,Likely Voters
WI,We Ask America,1270,6/7/12,6/10/12,48,43,9,0,Live Phone,Likely Voters
VA,Quinnipiac,1282,6/7/12,6/10/12,47,42,11,0,Live Phone,Registered Voters
CO,Rasmussen,500,6/7/12,6/10/12,45,45,10,0,Live Phone,Likely Voters
FL,Purple Strategies,600,6/7/12,6/10/12,45,49,6,0,Live Phone,Likely Voters
MI,EPIC-MRA,600,6/7/12,6/10/12,45,46,9,0,Live Phone,Likely Voters
OH,Purple Strategies,600,6/7/12,6/10/12,45,48,7,0,Live Phone,Likely Voters
--,Fox News,907,6/5/12,6/10/12,43,43,4,8,Live Phone,Likely Voters
MO,Rasmussen,500,6/8/12,6/11/12,42,49,9,0,Live Phone,Likely Voters
--,Daily Kos/SEIU PPP,1000,6/7/12,6/12/12,50,42,2,4,Live Phone,Likely Voters
--,Pew,1563,6/7/12,6/12/12,50,46,0,2,Live Phone,Likely Voters
--,Angus Reid Public Opinion,1794,6/7/12,6/12/12,46,47,2,4,Live Phone,Likely Voters
--,Reuters/Ipsos,848,6/7/12,6/12/12,45,44,2,6,Live Phone,Likely Voters
ND,Mason-Dixon,625,6/10/12,6/13/12,39,52,9,0,Live Phone,Likely Voters
NY,Siena College,807,6/12/12,6/15/12,59,35,6,0,Live Phone,Registered Voters
MI,"Foster, Baydoun",1783,6/12/12,6/15/12,46.9,45.48,7.62,0,Live Phone,Registered Voters
IA,Rasmussen,500,6/12/12,6/15/12,46,47,7,0,Live Phone,Likely Voters
NC,Public Policy,810,6/12/12,6/15/12,46,48,6,0,Live Phone,Registered Voters
PA,Quinnipiac,997,6/12/12,6/15/12,46,40,14,0,Live Phone,Registered Voters
NV,Public Policy,500,6/13/12,6/16/12,48,42,10,0,Live Phone,Registered Voters
WI,Rasmussen,500,6/13/12,6/16/12,44,47,9,0,Live Phone,Likely Voters
NJ,Rutgers-Eagleton,1065,6/14/12,6/17/12,56,33,11,0,Live Phone,Registered Voters
--,Rasmussen ,1500,6/12/12,6/17/12,45,46,2,6,Live Phone,Likely Voters
MI,Rasmussen,500,6/15/12,6/18/12,50,42,8,0,Live Phone,Likely Voters
--,Associated Press,878,6/14/12,6/19/12,47,44,2,6,Live Phone,Likely Voters
--,Selzer/Bloomberg,734,6/15/12,6/20/12,53,40,2,4,Live Phone,Likely Voters
ME,MassInc,506,6/18/12,6/21/12,48,34,18,0,Live Phone,Likely Voters
CO,Public Policy,799,6/19/12,6/22/12,49,42,9,0,Live Phone,Registered Voters
WA,Elway Research,408,6/19/12,6/22/12,49,41,10,0,Live Phone,Registered Voters
AZ,Project New America,791,6/19/12,6/22/12,46,49,5,0,Live Phone,Likely Voters
WA,Public Policy,1073,6/20/12,6/23/12,54,41,5,0,Live Phone,Registered Voters
WI,Marquette Univ. Law School,594,6/20/12,6/23/12,49,43,8,0,Live Phone,Likely Voters
IA,We Ask America,1086,6/20/12,6/23/12,45,44,11,0,Live Phone,Likely Voters
MI,We Ask America,1010,6/20/12,6/23/12,43,45,12,0,Live Phone,Likely Voters
MT,Rasmussen,500,6/20/12,6/23/12,42,51,7,0,Live Phone,Likely Voters
NH,Rasmussen,500,6/21/12,6/24/12,48,43,9,0,Live Phone,Likely Voters
MI,Mitchell Research,750,6/21/12,6/24/12,47,46,7,0,Live Phone,Likely Voters
FL,Quinnipiac,1697,6/21/12,6/24/12,46,42,12,0,Live Phone,Registered Voters
--,NBC/WSJ,819,6/20/12,6/25/12,47,44,2,6,Live Phone,Likely Voters
--,Gallup ,3050,6/20/12,6/25/12,46,44,2,6,Live Phone,Likely Voters
UT,Dan Jones & Assoc.,1222,6/23/12,6/26/12,26,68,6,0,Live Phone,Registered Voters
PA,Susquehanna Polling & Research,,6/24/12,6/27/12,48,43,9,0,Live Phone,Registered Voters
NH,American Research Group,535,6/25/12,6/28/12,51,43,6,0,Live Phone,Registered Voters
OR,Public Policy,686,6/26/12,6/29/12,50,42,8,0,Live Phone,Registered Voters
OH,Public Policy,673,6/26/12,6/29/12,47,44,9,0,Live Phone,Registered Voters
CO,We Ask America,1083,6/26/12,6/29/12,46.6,43,10.4,0,Live Phone,Likely Voters
--,Fox News,912,6/24/12,6/29/12,45,40,4,10,Live Phone,Likely Voters
--,Rasmussen ,1500,6/24/12,6/29/12,45,45,2,6,Live Phone,Likely Voters
NC,Rasmussen,500,6/26/12,6/29/12,44,47,9,0,Live Phone,Likely Voters
VA,We Ask America,1106,6/26/12,6/29/12,43.3,48,8.7,0,Live Phone,Likely Voters
MA,Public Policy,902,6/27/12,6/30/12,55,39,6,0,Live Phone,Registered Voters
OH,Quinnipiac,1237,6/27/12,6/30/12,47,38,15,0,Live Phone,Registered Voters
FL,Quinnipiac,1200,6/27/12,6/30/12,45,41,14,0,Live Phone,Registered Voters
PA,Quinnipiac,1252,6/27/12,6/30/12,45,39,16,0,Live Phone,Registered Voters
AZ,Rasmussen,500,6/27/12,6/30/12,41,54,5,0,Live Phone,Likely Voters
MI,NBC/Marist,1078,6/28/12,7/1/12,47,43,10,0,Live Phone,Registered Voters
NC,NBC/Marist,1019,6/28/12,7/1/12,46,44,10,0,Live Phone,Registered Voters
NH,NBC/Marist,1029,6/28/12,7/1/12,45,45,10,0,Live Phone,Registered Voters
AL,Capital Survey Research Center,551,6/29/12,7/2/12,36.4,51.3,12.3,0,Live Phone,Registered Voters
--,Pew,2373,6/28/12,7/3/12,50,43,2,4,Live Phone,Likely Voters
--,CNN/ORC,1390,6/28/12,7/3/12,49,46,0,2,Live Phone,Likely Voters
--,PPP/Daily Kos & SEIU,1000,6/28/12,7/3/12,48,45,2,4,Live Phone,Likely Voters
--,Newsweek/The Daily Beast,600,6/28/12,7/3/12,47,44,2,6,Live Phone,Likely Voters
--,YouGov/The YouGov,1000,6/30/12,7/5/12,47,43,2,6,Live Phone,Likely Voters
FL,We Ask America,1127,7/3/12,7/6/12,46.1,45.3,8.6,0,Live Phone,Likely Voters
--,Quinnipiac,2722,7/1/12,7/6/12,46,43,2,6,Live Phone,Likely Voters
NC,Civitas,558,7/3/12,7/6/12,45,50,5,0,Live Phone,Registered Voters
CA,Field Research,848,7/6/12,7/9/12,55,37,8,0,Live Phone,Likely Voters
--,Reuters/Ipsos,885,7/5/12,7/10/12,49,43,2,4,Live Phone,Likely Voters
--,ABC News/Washington Post,1003,7/5/12,7/10/12,47,47,0,4,Live Phone,Likely Voters
--,Gallup ,3050,7/5/12,7/10/12,47,44,2,6,Live Phone,Likely Voters
--,JZ Analytics/Washington Times,800,7/6/12,7/11/12,42,43,4,10,Live Phone,Likely Voters
VA,Public Policy,647,7/10/12,7/13/12,50,42,8,0,Live Phone,Registered Voters
NC,Public Policy,775,7/10/12,7/13/12,47,46,7,0,Live Phone,Registered Voters
FL,Rasmussen,500,7/10/12,7/13/12,45,46,9,0,Live Phone,Likely Voters
NM,We Ask America,1295,7/11/12,7/14/12,51,40,9,0,Live Phone,Likely Voters
WI,Marquette Univ. Law School,810,7/11/12,7/14/12,51,43,6,0,Live Phone,Likely Voters
WI,Public Policy,1057,7/11/12,7/14/12,50,44,6,0,Live Phone,Registered Voters
ME,Critical Insights,615,7/11/12,7/14/12,49,35,16,0,Live Phone,Registered Voters
--,McClatchy/Marist,849,7/9/12,7/14/12,48,46,0,4,Live Phone,Likely Voters
PA,We Ask America,1227,7/11/12,7/14/12,47,40,13,0,Live Phone,Likely Voters
--,Democracy Corps & Resurgent Republic/NPR,1000,7/9/12,7/14/12,47,45,2,4,Live Phone,Likely Voters
--,Rasmussen ,1500,7/9/12,7/14/12,45,46,2,6,Live Phone,Likely Voters
NC,Project New America,500,7/12/12,7/15/12,48,49,3,0,Live Phone,Likely Voters
--,CBS/New York Times,1089,7/11/12,7/16/12,46,47,2,4,Live Phone,Likely Voters
ND,Rasmussen,400,7/13/12,7/16/12,36,51,13,0,Live Phone,Likely Voters
--,Daily Kos & SEIU/PPP,1000,7/12/12,7/17/12,48,46,0,4,Live Phone,Likely Voters
--,Angus Reid Public Opinion,1001,7/12/12,7/17/12,47,47,0,4,Live Phone,Likely Voters
FL,Mason-Dixon,800,7/14/12,7/17/12,46,45,9,0,Live Phone,Registered Voters
OH,Purple Strategies,600,7/16/12,7/19/12,48,45,7,0,Live Phone,Likely Voters
--,YouGov,838,7/14/12,7/19/12,47,44,2,6,Live Phone,Likely Voters
VA,Purple Strategies,600,7/16/12,7/19/12,46,44,10,0,Live Phone,Likely Voters
CO,Purple Strategies,600,7/16/12,7/19/12,45,44,11,0,Live Phone,Likely Voters
FL,Purple Strategies,600,7/16/12,7/19/12,45,48,7,0,Live Phone,Likely Voters
NY,Siena College,758,7/17/12,7/20/12,61,34,5,0,Live Phone,Registered Voters
CA,CBRT Pepperdine,812,7/17/12,7/20/12,52,33,15,0,Live Phone,Likely Voters
NH,Granite State Poll - Univ. of NH,521,7/17/12,7/20/12,49,45,6,0,Live Phone,Likely Voters
IA,Public Policy,1131,7/17/12,7/20/12,48,43,9,0,Live Phone,Registered Voters
--,Fox News,901,7/15/12,7/20/12,45,41,4,8,Live Phone,Likely Voters
--,Pew,1956,7/16/12,7/21/12,51,41,2,4,Live Phone,Likely Voters
NV,Magellan Strategies,665,7/18/12,7/21/12,50,46,4,0,Live Phone,Likely Voters
NJ,Quinnipiac,1623,7/18/12,7/21/12,49,38,13,0,Live Phone,Registered Voters
NM,Public Policy,724,7/18/12,7/21/12,49,44,7,0,Live Phone,Registered Voters
VA,Rasmussen,500,7/18/12,7/21/12,47,46,7,0,Live Phone,Likely Voters
WA,SurveyUSA,630,7/18/12,7/21/12,46,37,17,0,Live Phone,Registered Voters
NV,We Ask America,1092,7/19/12,7/22/12,49,43,8,0,Live Phone,Likely Voters
WI,We Ask America,1162,7/19/12,7/22/12,49,42,9,0,Live Phone,Likely Voters
OH,Rasmussen,500,7/19/12,7/22/12,47,45,8,0,Live Phone,Likely Voters
VA,Quinnipiac,1673,7/19/12,7/22/12,44,44,12,0,Live Phone,Registered Voters
--,NBC/Wall Street Journal,1000,7/18/12,7/23/12,49,43,2,4,Live Phone,Likely Voters
FL,SurveyUSA,647,7/20/12,7/23/12,48,43,9,0,Live Phone,Likely Voters
PA,Rasmussen,500,7/20/12,7/23/12,48,44,8,0,Live Phone,Likely Voters
MN,SurveyUSA,552,7/20/12,7/23/12,46,40,14,0,Live Phone,Likely Voters
--,Democracy Corps.,700,7/21/12,7/26/12,50,46,0,2,Live Phone,Likely Voters
MI,Rasmussen,500,7/24/12,7/27/12,48,42,10,0,Live Phone,Likely Voters
GA,InsiderAdvantage,591,7/24/12,7/27/12,41,50,9,0,Live Phone,Registered Voters
NY,Quinnipiac,1779,7/25/12,7/28/12,55,32,13,0,Live Phone,Registered Voters
MI,Public Policy,579,7/25/12,7/28/12,53,39,8,0,Live Phone,Registered Voters
PA,Public Policy,758,7/25/12,7/28/12,49,43,8,0,Live Phone,Registered Voters
OH,Magellan Strategies,597,7/25/12,7/28/12,45,43,12,0,Live Phone,Likely Voters
MI,Mitchell Research,825,7/25/12,7/28/12,44,45,11,0,Live Phone,Likely Voters
IL,Crain's/Ipsos,600,7/26/12,7/29/12,51,31,18,0,Live Phone,Registered Voters
NJ,Monmouth University,535,7/26/12,7/29/12,50,42,8,0,Live Phone,Likely Voters
NV,Rasmussen,500,7/26/12,7/29/12,50,45,5,0,Live Phone,Likely Voters
MO,We Ask America,1172,7/26/12,7/29/12,40,49,11,0,Live Phone,Likely Voters
WI,Rasmussen,500,7/27/12,7/30/12,49,46,5,0,Live Phone,Likely Voters
OH,We Ask America,1115,7/27/12,7/30/12,48,40,12,0,Live Phone,Likely Voters
ND,DFM Research,400,7/27/12,7/30/12,35,54,11,0,Live Phone,Registered Voters
--,Daily Kos & SEIU/PPP,1000,7/26/12,7/31/12,48,47,0,2,Live Phone,Likely Voters
PA,Susquehanna Polling & Research,800,7/28/12,7/31/12,46,43,11,0,Live Phone,Likely Voters
MO,Mason-Dixon,625,7/28/12,7/31/12,42,51,7,0,Live Phone,Likely Voters
FL,Public Policy,871,7/31/12,8/3/12,48,47,5,0,Live Phone,Likely Voters
MO,Rasmussen,500,7/31/12,8/3/12,44,50,6,0,Live Phone,Likely Voters
PA,Quinnipiac,1168,8/1/12,8/4/12,53,42,5,0,Live Phone,Likely Voters
CT,Public Policy,771,8/1/12,8/4/12,51,43,6,0,Live Phone,Likely Voters
FL,Quinnipiac,1177,8/1/12,8/4/12,51,45,4,0,Live Phone,Likely Voters
OH,Quinnipiac,1193,8/1/12,8/4/12,50,44,6,0,Live Phone,Likely Voters
MI,EPIC-MRA,600,8/1/12,8/4/12,48,42,10,0,Live Phone,Likely Voters
AZ,Public Policy,833,8/1/12,8/4/12,41,52,7,0,Live Phone,Registered Voters
AL,Research Consultants,600,8/1/12,8/4/12,34,59,7,0,Live Phone,Registered Voters
NJ,Fairleigh Dickinson U.,945,8/2/12,8/5/12,49,36,15,0,Live Phone,Registered Voters
NC,Rasmussen,500,8/2/12,8/5/12,44,49,7,0,Live Phone,Likely Voters
WA,SurveyUSA,524,8/3/12,8/6/12,54,37,9,0,Live Phone,Likely Voters
--,Gallup ,3050,8/1/12,8/6/12,47,46,2,4,Live Phone,Likely Voters
SD,Nielson Brothers,546,8/3/12,8/6/12,43,49,8,0,Live Phone,Registered Voters
--,Reuters/Ipsos,1014,8/2/12,8/7/12,49,42,2,6,Live Phone,Likely Voters
--,Daily Kos & SEIU/PPP,1000,8/2/12,8/7/12,48,46,0,4,Live Phone,Likely Voters
--,Rasmussen ,1500,8/3/12,8/8/12,47,45,2,4,Live Phone,Likely Voters
IN,Rasmussen,400,8/5/12,8/8/12,35,51,14,0,Live Phone,Likely Voters
CO,Public Policy,779,8/7/12,8/10/12,49,43,8,0,Live Phone,Likely Voters
NC,Public Policy,813,8/7/12,8/10/12,49,46,5,0,Live Phone,Likely Voters
--,Fox News,930,8/5/12,8/10/12,49,40,2,6,Live Phone,Likely Voters
--,Politico/George Washington University,1000,8/5/12,8/10/12,48,47,0,2,Live Phone,Likely Voters
CO,Rasmussen,500,8/7/12,8/10/12,47,47,6,0,Live Phone,Likely Voters
WI,Quinnipiac,1428,8/8/12,8/11/12,51,45,4,0,Live Phone,Likely Voters
WI,Marquette Univ. Law School,1188,8/8/12,8/11/12,50,45,5,0,Live Phone,Likely Voters
VA,Quinnipiac,1412,8/8/12,8/11/12,49,45,6,0,Live Phone,Likely Voters
VA,Rasmussen,500,8/8/12,8/11/12,48,46,6,0,Live Phone,Likely Voters
CO,Quinnipiac,1463,8/8/12,8/11/12,45,50,5,0,Live Phone,Likely Voters
--,CNN/Opinion Research,911,8/7/12,8/12/12,52,45,0,2,Live Phone,Likely Voters
--,IBD/CSM/TIPP,828,8/8/12,8/13/12,46,39,4,10,Live Phone,Likely Voters
--,Gallup ,3050,8/8/12,8/13/12,45,47,2,4,Live Phone,Likely Voters
IA,Rasmussen,500,8/10/12,8/13/12,44,46,10,0,Live Phone,Likely Voters
MO,Chilenski Strategies,663,8/12/12,8/15/12,47,48,5,0,Live Phone,Likely Voters
MO,SurveyUSA,585,8/12/12,8/15/12,44,45,11,0,Live Phone,Likely Voters
NH,Granite State Poll - Univ. of NH,555,8/13/12,8/16/12,49,46,5,0,Live Phone,Likely Voters
--,YouGov,1000,8/11/12,8/16/12,47,43,2,6,Live Phone,Likely Voters
NH,Public Policy,1055,8/14/12,8/17/12,51,45,4,0,Live Phone,Likely Voters
OH,Public Policy,961,8/14/12,8/17/12,48,45,7,0,Live Phone,Likely Voters
OH,Rasmussen,500,8/14/12,8/17/12,45,45,10,0,Live Phone,Likely Voters
--,Rasmussen ,1500,8/12/12,8/17/12,43,47,2,6,Live Phone,Likely Voters
CO,Purple Strategies,600,8/15/12,8/18/12,49,46,5,0,Live Phone,Likely Voters
--,LA Times/USC,1009,8/13/12,8/18/12,48,45,2,4,Live Phone,Likely Voters
FL,Purple Strategies,600,8/15/12,8/18/12,47,48,5,0,Live Phone,Likely Voters
VA,Purple Strategies,600,8/15/12,8/18/12,45,48,7,0,Live Phone,Likely Voters
OH,Purple Strategies,600,8/15/12,8/18/12,44,46,10,0,Live Phone,Likely Voters
MI,Mitchell Research,1079,8/16/12,8/19/12,49,44,7,0,Live Phone,Likely Voters
WI,CNN | ORC,920,8/16/12,8/19/12,49,45,6,0,Live Phone,Registered Voters
PA,Franklin & Marshall,681,8/16/12,8/19/12,47,42,11,0,Live Phone,Registered Voters
WI,Rasmussen,500,8/16/12,8/19/12,47,48,5,0,Live Phone,Likely Voters
FL,Rasmussen,500,8/16/12,8/19/12,43,45,12,0,Live Phone,Likely Voters
NV,Garin-Hart-Yang,613,8/17/12,8/20/12,49,44,7,0,Live Phone,Likely Voters
--,Monmouth University/SurveyUSA,1149,8/15/12,8/20/12,46,45,2,6,Live Phone,Likely Voters
--,Angus Reid Public Opinion,1007,8/15/12,8/20/12,45,49,0,4,Live Phone,Likely Voters
--,Daily Kos & SEIU/PPP,1000,8/16/12,8/21/12,49,45,0,4,Live Phone,Likely Voters
FL,"Foster, Baydoun",1503,8/18/12,8/21/12,40,54,6,0,Live Phone,Likely Voters
FL,Gravis Marketing,728,8/20/12,8/23/12,45,48,7,0,Live Phone,Likely Voters
AL,Capital Survey Research Center,452,8/20/12,8/23/12,36,54,10,0,Live Phone,Registered Voters
OK,SoonerPoll,495,8/20/12,8/23/12,29,58,13,0,Live Phone,Likely Voters
NY,Siena College,671,8/21/12,8/24/12,62,33,5,0,Live Phone,Likely Voters
NM,Rasmussen,500,8/21/12,8/24/12,52,38,10,0,Live Phone,Likely Voters
VA,Public Policy,855,8/21/12,8/24/12,50,45,5,0,Live Phone,Likely Voters
WI,Public Policy,1308,8/21/12,8/24/12,47,48,5,0,Live Phone,Likely Voters
WA,Moore Information,500,8/21/12,8/24/12,46,36,18,0,Live Phone,Likely Voters
MI,"Foster, Baydoun",1733,8/21/12,8/24/12,44,48,8,0,Live Phone,Likely Voters
--,Fox News,1219,8/19/12,8/24/12,44,45,2,6,Live Phone,Likely Voters
VT,Castleton Polling Institute,477,8/22/12,8/25/12,62,25,13,0,Live Phone,Registered Voters
MA,Public Policy,1115,8/22/12,8/25/12,55,39,6,0,Live Phone,Likely Voters
WI,Marquette Univ. Law School,576,8/22/12,8/25/12,49,46,5,0,Live Phone,Likely Voters
NV,SurveyUSA,869,8/22/12,8/25/12,47,45,8,0,Live Phone,Likely Voters
MT,Rasmussen,500,8/22/12,8/25/12,38,55,7,0,Live Phone,Likely Voters
CT,Rasmussen,500,8/23/12,8/26/12,51,43,6,0,Live Phone,Likely Voters
OH,Quinnipiac,1253,8/23/12,8/26/12,50,44,6,0,Live Phone,Likely Voters
FL,Quinnipiac,1241,8/23/12,8/26/12,49,46,5,0,Live Phone,Likely Voters
OH,Ohio Poll,847,8/23/12,8/26/12,49,46,5,0,Live Phone,Likely Voters
PA,Morning Call/Muhlenberg,422,8/23/12,8/26/12,49,40,11,0,Live Phone,Likely Voters
WI,Quinnipiac,1190,8/23/12,8/26/12,49,47,4,0,Live Phone,Likely Voters
MI,Glengariff Group,600,8/23/12,8/26/12,48,42,10,0,Live Phone,Likely Voters
MO,Public Policy,500,8/23/12,8/26/12,42,52,6,0,Live Phone,Likely Voters
--,CNN/ORC,924,8/22/12,8/27/12,52,43,0,2,Live Phone,Likely Voters
CO,Keating Research,500,8/24/12,8/27/12,48,44,8,0,Live Phone,Likely Voters
MO,Rasmussen,500,8/24/12,8/27/12,47,46,7,0,Live Phone,Likely Voters
VA,Rasmussen,500,8/24/12,8/27/12,47,47,6,0,Live Phone,Likely Voters
--,ABC News/Washington Post,857,8/22/12,8/27/12,46,47,2,4,Live Phone,Likely Voters
--,CBS News,1051,8/22/12,8/27/12,46,45,2,6,Live Phone,Likely Voters
PA,Philadelphia Inquirer,601,8/25/12,8/28/12,51,42,7,0,Live Phone,Likely Voters
--,Democracy Corps.,1000,8/23/12,8/28/12,49,47,0,2,Live Phone,Likely Voters
--,Rasmussen [permanent dead link],1500,8/23/12,8/28/12,44,45,2,6,Live Phone,Likely Voters
MO,Mason-Dixon,625,8/25/12,8/28/12,43,50,7,0,Live Phone,Registered Voters
MA,Kimball Political Consulting,592,8/26/12,8/29/12,52,41,7,0,Live Phone,Likely Voters
--,Gallup ,3050,8/24/12,8/29/12,47,46,2,4,Live Phone,Likely Voters
MO,Gravis Marketing,1057,8/26/12,8/29/12,36,53,11,0,Live Phone,Registered Voters
FL,CNN/Time/ORC,776,8/27/12,8/30/12,50,46,4,0,Live Phone,Likely Voters
MI,Mitchell Research,1277,8/27/12,8/30/12,47,47,6,0,Live Phone,Likely Voters
NC,CNN/Time/ORC,766,8/27/12,8/30/12,47,48,5,0,Live Phone,Likely Voters
--,YouGov,1000,8/25/12,8/30/12,46,47,2,4,Live Phone,Likely Voters
OH,Columbus Dispatch,1758,8/27/12,8/30/12,45,45,10,0,Live Phone,Likely Voters
NC,SurveyUSA,540,8/27/12,8/30/12,43,43,14,0,Live Phone,Registered Voters
--,Reuters/Ipsos,1545,8/25/12,8/30/12,42,40,4,12,Live Phone,Likely Voters
CT,Public Policy,881,8/28/12,8/31/12,53,40,7,0,Live Phone,Registered Voters
CT,Quinnipiac,1472,8/28/12,8/31/12,52,45,3,0,Live Phone,Likely Voters
IA,Public Policy,1244,8/28/12,8/31/12,47,45,8,0,Live Phone,Likely Voters
CA,CBRT Pepperdine,815,8/29/12,9/1/12,56,32,12,0,Live Phone,Likely Voters
NJ,Rutgers-Eagleton,710,8/29/12,9/1/12,51,37,12,0,Live Phone,Likely Voters
NV,Public Policy,831,8/29/12,9/1/12,50,47,3,0,Live Phone,Likely Voters
IL,Crain's/Ipsos,600,8/30/12,9/2/12,55,29,16,0,Live Phone,Registered Voters
MO,Public Policy,621,8/30/12,9/2/12,41,53,6,0,Live Phone,Likely Voters
MI,EPIC-MRA,1200,8/31/12,9/3/12,49,46,5,0,Live Phone,Likely Voters
OH,Gravis Marketing,1397,8/31/12,9/3/12,45,44,11,0,Live Phone,Registered Voters
WV,The West Va. Poll (R.L. Repass),401,8/31/12,9/3/12,38,52,10,0,Live Phone,Likely Voters
--,CNN/Opinion Research,877,8/31/12,9/5/12,52,45,0,2,Live Phone,Likely Voters
FL,Public Policy,1548,9/2/12,9/5/12,48,47,5,0,Live Phone,Likely Voters
NC,Public Policy,1012,9/2/12,9/5/12,48,48,4,0,Live Phone,Likely Voters
MI,Public Policy,815,9/3/12,9/6/12,51,44,5,0,Live Phone,Likely Voters
CO,Public Policy,1001,9/3/12,9/6/12,49,46,5,0,Live Phone,Likely Voters
NC,SurveyUSA,543,9/3/12,9/6/12,43,46,11,0,Live Phone,Registered Voters
NC,Elon University,1089,9/3/12,9/6/12,43,47,10,0,Live Phone,Likely Voters
FL,Gravis Marketing,1288,9/4/12,9/7/12,47,48,5,0,Live Phone,Likely Voters
OH,Gravis Marketing,1381,9/5/12,9/8/12,44,47,9,0,Live Phone,Registered Voters
NJ,Quinnipiac,1471,9/6/12,9/9/12,51,44,5,0,Live Phone,Likely Voters
--,IBD/TIFF/Christian Science Monitor,808,9/4/12,9/9/12,46,44,2,6,Live Phone,Likely Voters
--,Gallup ,3050,9/6/12,9/11/12,50,44,0,4,Live Phone,Likely Voters
--,Ipsos/Reuters ,1434,9/6/12,9/11/12,45,41,4,8,Live Phone,Likely Voters
--,CNN/Opinion Research,875,9/7/12,9/12/12,53,45,0,0,Live Phone,Likely Voters
--,Esquire/Yahoo! News,1000,9/7/12,9/12/12,52,41,2,4,Live Phone,Likely Voters
OH,Public Policy,1072,9/9/12,9/12/12,50,45,5,0,Live Phone,Likely Voters
--,ABC News/Washington Post,826,9/7/12,9/12/12,50,44,0,4,Live Phone,Likely Voters
--,Daily Kos/PPP,1000,9/7/12,9/12/12,50,44,0,4,Live Phone,Likely Voters
NM,Albuquerque Journal,667,9/9/12,9/12/12,45,40,15,0,Live Phone,Likely Voters
MA,Kimball Political Consulting,756,9/10/12,9/13/12,56,40,4,0,Live Phone,Likely Voters
WA,SurveyUSA,524,9/10/12,9/13/12,54,38,8,0,Live Phone,Likely Voters
--,CBS/New York Times,1170,9/8/12,9/13/12,51,43,0,4,Live Phone,Likely Voters
--,Democracy Corps,1000,9/8/12,9/13/12,50,45,0,2,Live Phone,Likely Voters
NC,Public Policy,1087,9/10/12,9/13/12,49,48,3,0,Live Phone,Likely Voters
--,YouGov/The YouGov,1000,9/8/12,9/13/12,49,45,0,4,Live Phone,Likely Voters
--,UPI/CVOTER,3000,9/8/12,9/13/12,49,45,0,4,Live Phone,Likely Voters
--,Rasmussen ,1500,9/8/12,9/13/12,46,45,2,6,Live Phone,Likely Voters
NC,Civitas,500,9/10/12,9/13/12,43,53,4,0,Live Phone,Registered Voters
IL,We Ask America,1382,9/11/12,9/14/12,54,37,9,0,Live Phone,Likely Voters
MN,SurveyUSA,551,9/11/12,9/14/12,50,40,10,0,Live Phone,Likely Voters
OH,Gravis Marketing,1548,9/11/12,9/14/12,47,43,10,0,Live Phone,Likely Voters
--,Fox News,1224,9/9/12,9/14/12,46,42,2,8,Live Phone,Likely Voters
VA,Gravis Marketing,2238,9/11/12,9/14/12,44,49,7,0,Live Phone,Likely Voters
NM,Public Policy,1122,9/12/12,9/15/12,53,42,5,0,Live Phone,Likely Voters
WA,Public Policy,563,9/12/12,9/15/12,53,42,5,0,Live Phone,Likely Voters
FL,SurveyUSA,596,9/12/12,9/15/12,48,44,8,0,Live Phone,Likely Voters
MI,EPIC-MRA,1200,9/12/12,9/15/12,47,37,16,0,Live Phone,Likely Voters
MT,Public Policy,656,9/12/12,9/15/12,45,50,5,0,Live Phone,Likely Voters
AZ,Public Policy,993,9/12/12,9/15/12,44,53,3,0,Live Phone,Likely Voters
NY,Quinnipiac,1486,9/13/12,9/16/12,62,34,4,0,Live Phone,Likely Voters
CA,SurveyUSA,524,9/13/12,9/16/12,57,35,8,0,Live Phone,Likely Voters
MN,Public Policy,824,9/13/12,9/16/12,51,44,5,0,Live Phone,Likely Voters
OH,NBC/WSJ/Marist,979,9/13/12,9/16/12,50,43,7,0,Live Phone,Likely Voters
CO,American Research Group,600,9/13/12,9/16/12,49,47,4,0,Live Phone,Likely Voters
CO,Keating Research,503,9/13/12,9/16/12,49,44,7,0,Live Phone,Likely Voters
FL,NBC/WSJ/Marist,980,9/13/12,9/16/12,49,44,7,0,Live Phone,Likely Voters
VA,NBC/WSJ/Marist,996,9/13/12,9/16/12,49,44,7,0,Live Phone,Likely Voters
FL,Rasmussen,500,9/13/12,9/16/12,48,46,6,0,Live Phone,Likely Voters
OH,American Research Group,600,9/13/12,9/16/12,48,47,5,0,Live Phone,Likely Voters
--,Zogby / JZAnalytics,1014,9/11/12,9/16/12,47.7,42,2,6,Live Phone,Likely Voters
FL,McLaughlin & Associates,600,9/13/12,9/16/12,47,50,3,0,Live Phone,Likely Voters
OH,Rasmussen,500,9/13/12,9/16/12,47,46,7,0,Live Phone,Likely Voters
MI,"Foster, Baydoun",1156,9/13/12,9/16/12,46,44,10,0,Live Phone,Likely Voters
--,UConn/Hartford Courant,1148,9/11/12,9/16/12,46,43,2,6,Live Phone,Likely Voters
MO,Rasmussen,500,9/13/12,9/16/12,45,48,7,0,Live Phone,Likely Voters
NH,Granite State Poll - Univ. of NH,592,9/13/12,9/16/12,45,40,15,0,Live Phone,Likely Voters
TX,Wilson Perkins Allen,1004,9/13/12,9/16/12,40,55,5,0,Live Phone,Likely Voters
CA,CBRT Pepperdine,802,9/14/12,9/17/12,55,33,12,0,Live Phone,Likely Voters
NJ,Fairleigh Dickinson U.,706,9/14/12,9/17/12,52,38,10,0,Live Phone,Likely Voters
--,Pew Center,2424,9/12/12,9/17/12,51,42,2,4,Live Phone,Likely Voters
--,NBC/Wall Street Journal,900,9/12/12,9/17/12,50,44,0,4,Live Phone,Likely Voters
VA,Rasmussen,500,9/14/12,9/17/12,49,48,3,0,Live Phone,Likely Voters
CO,SurveyUSA,615,9/14/12,9/17/12,47,46,7,0,Live Phone,Likely Voters
--,Ipsos/Reuters,737,9/12/12,9/17/12,46,41,2,8,Live Phone,Likely Voters
NC,Rasmussen,500,9/14/12,9/17/12,45,51,4,0,Live Phone,Likely Voters
WA,Elway Research,405,9/15/12,9/18/12,53,36,11,0,Live Phone,Registered Voters
--,Reason-Rupe,787,9/13/12,9/18/12,52,45,0,2,Live Phone,Likely Voters
--,Associated Press/GfK Roper,1512,9/13/12,9/18/12,52,37,2,6,Live Phone,Likely Voters
NJ,Philadelphia Inquirer,600,9/15/12,9/18/12,51,37,12,0,Live Phone,Likely Voters
PA,Philadelphia Inquirer,600,9/15/12,9/18/12,50,39,11,0,Live Phone,Likely Voters
--,Monmouth University,1571,9/13/12,9/18/12,48,41,2,6,Live Phone,Likely Voters
IL,Simon Institute,1261,9/15/12,9/18/12,47,34,19,0,Live Phone,Registered Voters
VA,Public Policy,1021,9/16/12,9/19/12,51,46,3,0,Live Phone,Likely Voters
KY,SurveyUSA,606,9/16/12,9/19/12,39,53,8,0,Live Phone,Likely Voters
--,Allstate/National Journal,1055,9/15/12,9/20/12,50,43,2,4,Live Phone,Likely Voters
WI,Public Policy,959,9/17/12,9/20/12,49,48,3,0,Live Phone,Likely Voters
MA,Suffolk University,600,9/18/12,9/21/12,64,33,3,0,Live Phone,Likely Voters
MA,Western New England Univ.,444,9/18/12,9/21/12,60,38,2,0,Live Phone,Likely Voters
MA,Public Policy,876,9/18/12,9/21/12,57,39,4,0,Live Phone,Likely Voters
VA,Washington Post,847,9/18/12,9/21/12,52,44,4,0,Live Phone,Likely Voters
OR,SurveyUSA,552,9/18/12,9/21/12,50,41,9,0,Live Phone,Likely Voters
PA,Morning Call/Muhlenberg,640,9/18/12,9/21/12,50,41,9,0,Live Phone,Likely Voters
--,Politico/George Washington University,1000,9/16/12,9/21/12,50,46,0,2,Live Phone,Likely Voters
MI,Marketing Resource Group,600,9/18/12,9/21/12,48,42,10,0,Live Phone,Likely Voters
NH,American Research Group,558,9/18/12,9/21/12,48,46,6,0,Live Phone,Registered Voters
FL,Gravis Marketing,1728,9/18/12,9/21/12,47,48,5,0,Live Phone,Likely Voters
CO,Rasmussen,500,9/18/12,9/21/12,45,47,8,0,Live Phone,Likely Voters
IN,Global Strategy Group,800,9/18/12,9/21/12,41,47,12,0,Live Phone,Likely Voters
MA,MassINC,507,9/19/12,9/22/12,59,31,10,0,Live Phone,Likely Voters
CA,Field Research,891,9/19/12,9/22/12,58,34,8,0,Live Phone,Likely Voters
ME,Public Policy,804,9/19/12,9/22/12,55,39,6,0,Live Phone,Likely Voters
ME,Maine People's Resource Center,856,9/19/12,9/22/12,54,37,9,0,Live Phone,Registered Voters
WI,Marquette Univ. Law School,601,9/19/12,9/22/12,54,40,6,0,Live Phone,Likely Voters
MI,CNN | ORC,754,9/19/12,9/22/12,52,44,4,0,Live Phone,Likely Voters
WI,Quinnipiac,1485,9/19/12,9/22/12,51,45,4,0,Live Phone,Likely Voters
VA,Quinnipiac,1474,9/19/12,9/22/12,50,46,4,0,Live Phone,Likely Voters
VA,Fox News,1006,9/19/12,9/22/12,50,43,7,0,Live Phone,Likely Voters
FL,Fox News,829,9/19/12,9/22/12,49,44,7,0,Live Phone,Likely Voters
OH,Fox News,1009,9/19/12,9/22/12,49,42,9,0,Live Phone,Likely Voters
VA,We Ask America,1238,9/19/12,9/22/12,49,46,5,0,Live Phone,Likely Voters
CO,Quinnipiac,1479,9/19/12,9/22/12,48,47,5,0,Live Phone,Likely Voters
ME,Maine People's Resource Center (2nd CD Only),856,9/19/12,9/22/12,48,41,11,0,Live Phone,Registered Voters
NH,Rasmussen,500,9/19/12,9/22/12,45,48,7,0,Live Phone,Likely Voters
MA,UMass/Boston Herald,497,9/20/12,9/23/12,59,36,5,0,Live Phone,Likely Voters
CT,UConn/Courant,508,9/20/12,9/23/12,53,32,15,0,Live Phone,Likely Voters
MI,Glengariff Group,600,9/20/12,9/23/12,52,38,10,0,Live Phone,Likely Voters
WI,Public Policy,842,9/20/12,9/23/12,52,45,3,0,Live Phone,Likely Voters
NV,YouGov,588,9/20/12,9/23/12,51,43,6,0,Live Phone,Registered Voters
CO,NBC/WSJ/Marist,971,9/20/12,9/23/12,50,45,5,0,Live Phone,Likely Voters
IA,NBC/WSJ/Marist,898,9/20/12,9/23/12,50,42,8,0,Live Phone,Likely Voters
WI,NBC/WSJ/Marist,968,9/20/12,9/23/12,50,45,5,0,Live Phone,Likely Voters
CO,YouGov,753,9/20/12,9/23/12,49,45,6,0,Live Phone,Registered Voters
FL,We Ask America,1230,9/20/12,9/23/12,49,46,5,0,Live Phone,Likely Voters
NV,CNN | ORC,741,9/20/12,9/23/12,49,46,5,0,Live Phone,Likely Voters
WI,Rasmussen,500,9/20/12,9/23/12,49,46,5,0,Live Phone,Likely Voters
FL,YouGov,1507,9/20/12,9/23/12,48,46,6,0,Live Phone,Registered Voters
IA,YouGov,766,9/20/12,9/23/12,48,42,10,0,Live Phone,Registered Voters
PA,We Ask America,1214,9/20/12,9/23/12,48,42,10,0,Live Phone,Likely Voters
VA,YouGov,1121,9/20/12,9/23/12,48,44,8,0,Live Phone,Registered Voters
WI,YouGov,804,9/20/12,9/23/12,48,46,6,0,Live Phone,Registered Voters
NH,YouGov,361,9/20/12,9/23/12,47,40,13,0,Live Phone,Registered Voters
NV,Rasmussen,500,9/20/12,9/23/12,47,45,8,0,Live Phone,Likely Voters
OH,Cadell | McLaughlin,600,9/20/12,9/23/12,47,44,9,0,Live Phone,Likely Voters
NC,YouGov,1161,9/20/12,9/23/12,46,46,8,0,Live Phone,Registered Voters
FL,Cadell | McLaughlin,600,9/20/12,9/23/12,44,48,8,0,Live Phone,Likely Voters
IA,Rasmussen,500,9/20/12,9/23/12,44,47,9,0,Live Phone,Likely Voters
CA,PPIC,995,9/21/12,9/24/12,53,39,8,0,Live Phone,Likely Voters
--,Gallup ,3050,9/19/12,9/24/12,50,44,0,4,Live Phone,Likely Voters
CO,Purple Strategies,600,9/21/12,9/24/12,48,45,7,0,Live Phone,Likely Voters
NC,Purple Strategies,600,9/21/12,9/24/12,48,46,6,0,Live Phone,Likely Voters
OH,Purple Strategies,600,9/21/12,9/24/12,48,44,8,0,Live Phone,Likely Voters
PA,Susquehanna Polling & Research,800,9/21/12,9/24/12,48,47,5,0,Live Phone,Likely Voters
--,Angus Reid Public Opinion[permanent dead link],865,9/19/12,9/24/12,48,46,0,4,Live Phone,Likely Voters
FL,Purple Strategies,600,9/21/12,9/24/12,47,48,5,0,Live Phone,Likely Voters
NC,High Point University,448,9/21/12,9/24/12,46,43,11,0,Live Phone,Registered Voters
VA,Purple Strategies,600,9/21/12,9/24/12,46,43,11,0,Live Phone,Likely Voters
AZ,Purple Strategies,600,9/21/12,9/24/12,45,48,7,0,Live Phone,Likely Voters
GA,InsiderAdvantage,483,9/21/12,9/24/12,35,56,9,0,Live Phone,Registered Voters
IL,YouGov,1188,9/22/12,9/25/12,59,35,6,0,Live Phone,Registered Voters
MD,YouGov,749,9/22/12,9/25/12,58,36,6,0,Live Phone,Registered Voters
NY,YouGov,1562,9/22/12,9/25/12,58,34,8,0,Live Phone,Registered Voters
MA,YouGov,899,9/22/12,9/25/12,56,37,7,0,Live Phone,Registered Voters
CA,YouGov,1456,9/22/12,9/25/12,54,36,10,0,Live Phone,Registered Voters
CT,YouGov,705,9/22/12,9/25/12,53,39,8,0,Live Phone,Registered Voters
NJ,YouGov,1143,9/22/12,9/25/12,53,39,8,0,Live Phone,Registered Voters
NM,YouGov,331,9/22/12,9/25/12,53,41,6,0,Live Phone,Registered Voters
WA,YouGov,939,9/22/12,9/25/12,52,39,9,0,Live Phone,Registered Voters
MI,YouGov,1202,9/22/12,9/25/12,51,40,9,0,Live Phone,Registered Voters
OH,University of Cincinnati,861,9/22/12,9/25/12,51,46,3,0,Live Phone,Registered Voters
PA,YouGov,1214,9/22/12,9/25/12,51,42,7,0,Live Phone,Registered Voters
PA,Rasmussen,500,9/22/12,9/25/12,51,39,10,0,Live Phone,Likely Voters
MN,YouGov,873,9/22/12,9/25/12,50,41,9,0,Live Phone,Registered Voters
--,PPP/Daily Kos & SEIU,1200,9/20/12,9/25/12,50,45,0,2,Live Phone,Likely Voters
--,Reuters/Ipsos,1313,9/20/12,9/25/12,49,43,2,4,Live Phone,Likely Voters
OH,YouGov,1082,9/22/12,9/25/12,47,44,9,0,Live Phone,Registered Voters
GA,YouGov,1102,9/22/12,9/25/12,44,50,6,0,Live Phone,Registered Voters
IN,YouGov,707,9/22/12,9/25/12,44,50,6,0,Live Phone,Registered Voters
MO,YouGov,809,9/22/12,9/25/12,43,49,8,0,Live Phone,Registered Voters
TN,YouGov,789,9/22/12,9/25/12,42,49,9,0,Live Phone,Registered Voters
AZ,YouGov,674,9/22/12,9/25/12,41,51,8,0,Live Phone,Registered Voters
TX,YouGov,1254,9/22/12,9/25/12,41,52,7,0,Live Phone,Registered Voters
SD,Nielson Brothers,512,9/22/12,9/25/12,39,54,7,0,Live Phone,Likely Voters
--,Bloomberg,789,9/21/12,9/26/12,49,43,2,4,Live Phone,Likely Voters
--,Zogby / JZAnalytics,860,9/21/12,9/26/12,49,41,2,6,Live Phone,Likely Voters
FL,Mason-Dixon,800,9/23/12,9/26/12,48,47,5,0,Live Phone,Registered Voters
MI,Rasmussen,500,9/24/12,9/27/12,54,42,4,0,Live Phone,Likely Voters
WI,We Ask America,1238,9/24/12,9/27/12,53,41,6,0,Live Phone,Likely Voters
CO,Public Policy,940,9/24/12,9/27/12,51,45,4,0,Live Phone,Likely Voters
IA,American Research Group,600,9/24/12,9/27/12,51,44,5,0,Live Phone,Likely Voters
NV,American Research Group,600,9/24/12,9/27/12,51,44,5,0,Live Phone,Likely Voters
FL,Public Policy,861,9/24/12,9/27/12,50,46,4,0,Live Phone,Likely Voters
FL,American Research Group,600,9/24/12,9/27/12,50,45,5,0,Live Phone,Likely Voters
NC,Civitas,600,9/24/12,9/27/12,49,45,6,0,Live Phone,Likely Voters
MN,Mason-Dixon,800,9/24/12,9/27/12,48,40,12,0,Live Phone,Likely Voters
PA,Mercyhurst,522,9/24/12,9/27/12,48,40,12,0,Live Phone,Likely Voters
PA,Susquehanna Polling & Research,800,9/24/12,9/27/12,47,45,8,0,Live Phone,Likely Voters
NE,Wiese Research (2nd CD Only),400,9/24/12,9/27/12,44,44,12,0,Live Phone,Registered Voters
MT,Mason-Dixon,625,9/24/12,9/27/12,42,51,7,0,Live Phone,Registered Voters
NE,Wiese Research,800,9/24/12,9/27/12,40,51,9,0,Live Phone,Registered Voters
NJ,Monmouth University,715,9/25/12,9/28/12,52,37,11,0,Live Phone,Registered Voters
OH,Washington Post,759,9/25/12,9/28/12,52,44,4,0,Live Phone,Likely Voters
FL,Washington Post,769,9/25/12,9/28/12,51,47,2,0,Live Phone,Likely Voters
--,Rasmussen ,1500,9/23/12,9/28/12,46,46,2,4,Live Phone,Likely Voters
OH,Gravis Marketing,594,9/25/12,9/28/12,45,44,11,0,Live Phone,Likely Voters
AR,Talk Business / Hendrix College,2228,9/25/12,9/28/12,35,56,9,0,Live Phone,Likely Voters
MA,Rasmussen,500,9/26/12,9/29/12,55,40,5,0,Live Phone,Likely Voters
MD,Gonzales Research,813,9/26/12,9/29/12,55,36,9,0,Live Phone,Registered Voters
PA,Quinnipiac,1180,9/26/12,9/29/12,54,42,4,0,Live Phone,Likely Voters
FL,Quinnipiac,1196,9/26/12,9/29/12,53,44,3,0,Live Phone,Likely Voters
OH,Quinnipiac,1162,9/26/12,9/29/12,53,43,4,0,Live Phone,Likely Voters
NV,Public Policy,501,9/26/12,9/29/12,52,43,5,0,Live Phone,Likely Voters
PA,Franklin & Marshall,392,9/26/12,9/29/12,52,43,5,0,Live Phone,Likely Voters
IA,Public Policy,754,9/26/12,9/29/12,51,44,5,0,Live Phone,Likely Voters
CO,Gravis Marketing,765,9/26/12,9/29/12,50,46,4,0,Live Phone,Likely Voters
--,Politico/George Washington University/Battleground,1000,9/24/12,9/29/12,50,47,0,2,Live Phone,Likely Voters
FL,Insider Advantage,540,9/26/12,9/29/12,49,46,5,0,Live Phone,Likely Voters
NV,Nevada Retail Assn.,500,9/26/12,9/29/12,46,46,8,0,Live Phone,Likely Voters
MO,Chilenski Strategies,817,9/26/12,9/29/12,44,50,6,0,Live Phone,Registered Voters
WA,Gravis Marketing,625,9/27/12,9/30/12,56,39,5,0,Live Phone,Registered Voters
CT,Public Policy,801,9/27/12,9/30/12,54,41,5,0,Live Phone,Likely Voters
NH,Greenberg Quinlan Rosner,600,9/27/12,9/30/12,52,45,3,0,Live Phone,Likely Voters
NH,NBC/WSJ/Marist,1012,9/27/12,9/30/12,51,44,5,0,Live Phone,Likely Voters
NV,NBC/WSJ/Marist,984,9/27/12,9/30/12,49,47,4,0,Live Phone,Likely Voters
--,Quinnipiac University,1912,9/25/12,9/30/12,49,45,0,4,Live Phone,Likely Voters
NC,NBC/WSJ/Marist,1035,9/27/12,9/30/12,48,46,6,0,Live Phone,Likely Voters
IA,TIR-Voter/Consumer Research,500,9/27/12,9/30/12,46,47,7,0,Live Phone,Registered Voters
VA,Suffolk University,600,9/27/12,9/30/12,46,44,10,0,Live Phone,Likely Voters
AZ,Moore Information,500,9/27/12,9/30/12,42,46,12,0,Live Phone,Registered Voters
AZ,Rasmussen,500,9/27/12,9/30/12,42,52,6,0,Live Phone,Likely Voters
IN,Howey / DePauw,800,9/27/12,9/30/12,40,52,8,0,Live Phone,Registered Voters
ME,Rasmussen,500,9/28/12,10/1/12,52,40,8,0,Live Phone,Likely Voters
--,NBC/Wall Street Journal,1000,9/26/12,10/1/12,51,44,0,2,Live Phone,Likely Voters
MI,Gravis Marketing,804,9/28/12,10/1/12,50,46,4,0,Live Phone,Likely Voters
NH,American Research Group,600,9/28/12,10/1/12,50,45,5,0,Live Phone,Likely Voters
PA,Morning Call/Muhlenberg,427,9/28/12,10/1/12,49,42,9,0,Live Phone,Likely Voters
VA,American Research Group,600,9/28/12,10/1/12,49,47,4,0,Live Phone,Likely Voters
--,ABC News/Washington Post,929,9/26/12,10/1/12,49,44,2,4,Live Phone,Likely Voters
--,Fox News,1208,9/26/12,10/1/12,49,41,2,6,Live Phone,Likely Voters
NM,Public Policy,3111,9/29/12,10/2/12,52,43,5,0,Live Phone,Likely Voters
PA,Public Policy,2051,9/29/12,10/2/12,52,40,8,0,Live Phone,Likely Voters
MI,Public Policy,2386,9/29/12,10/2/12,51,42,7,0,Live Phone,Likely Voters
OH,Public Policy,2890,9/29/12,10/2/12,50,44,6,0,Live Phone,Likely Voters
VA,Public Policy,2770,9/29/12,10/2/12,49,43,8,0,Live Phone,Likely Voters
--,PPP/Daily Kos & SEIU,1100,9/27/12,10/2/12,49,45,0,4,Live Phone,Likely Voters
NM,Glen Bolger,500,9/29/12,10/2/12,47,40,13,0,Live Phone,Likely Voters
ND,DFM Research,600,9/29/12,10/2/12,39,51,10,0,Live Phone,Likely Voters
MA,Boston Globe/UNH,502,9/30/12,10/3/12,57,30,13,0,Live Phone,Likely Voters
WA,Rasmussen,500,9/30/12,10/3/12,52,41,7,0,Live Phone,Likely Voters
OH,Columbus Dispatch,1662,9/30/12,10/3/12,51,42,7,0,Live Phone,Likely Voters
--,CNN/Opinion Research,883,9/28/12,10/3/12,50,46,0,2,Live Phone,Likely Voters
IA,Selzer & Co.,650,9/30/12,10/3/12,49,45,6,0,Live Phone,Likely Voters
MA,MassINC,504,10/1/12,10/4/12,60,32,8,0,Live Phone,Likely Voters
MD,Baltimore Sun,804,10/1/12,10/4/12,57,34,9,0,Live Phone,Likely Voters
ME,Critical Insights,618,10/1/12,10/4/12,52,36,12,0,Live Phone,Likely Voters
MI,We Ask America,1064,10/1/12,10/4/12,52,40,8,0,Live Phone,Likely Voters
NH,Granite State Poll - Univ. of NH,600,10/1/12,10/4/12,52,37,11,0,Live Phone,Likely Voters
NM,We Ask America,1258,10/1/12,10/4/12,51,41,8,0,Live Phone,Likely Voters
CO,We Ask America,1273,10/1/12,10/4/12,49,46,5,0,Live Phone,Likely Voters
FL,Gravis Marketing,914,10/1/12,10/4/12,49,48,3,0,Live Phone,Likely Voters
OH,Public Policy,897,10/1/12,10/4/12,49,45,6,0,Live Phone,Likely Voters
IA,We Ask America,1273,10/1/12,10/4/12,48,44,8,0,Live Phone,Likely Voters
NC,Public Policy,981,10/1/12,10/4/12,48,48,4,0,Live Phone,Likely Voters
ME,Critical Insights (2nd CD Only),,10/1/12,10/4/12,46,41,13,0,Live Phone,Likely Voters
NC,American Research Group,600,10/1/12,10/4/12,46,50,4,0,Live Phone,Likely Voters
RI,Fleming & Associates,501,10/2/12,10/5/12,57,33,10,0,Live Phone,Likely Voters
NV,We Ask America,1152,10/2/12,10/5/12,53,42,5,0,Live Phone,Likely Voters
NH,Public Policy,862,10/2/12,10/5/12,51,44,5,0,Live Phone,Likely Voters
NM,Rasmussen,500,10/2/12,10/5/12,51,40,9,0,Live Phone,Likely Voters
NC,SurveyUSA,573,10/2/12,10/5/12,49,47,4,0,Live Phone,Likely Voters
VA,Roanoke College,589,10/2/12,10/5/12,48,40,12,0,Live Phone,Likely Voters
FL,Suffolk University,600,10/2/12,10/5/12,46,43,11,0,Live Phone,Likely Voters
MO,We Ask America,1145,10/2/12,10/5/12,45,48,7,0,Live Phone,Likely Voters
LA,Southern Media & Opinion,600,10/2/12,10/5/12,39,45,16,0,Live Phone,Registered Voters
TX,Texas Lyceum,666,10/2/12,10/5/12,39,58,3,0,Live Phone,Likely Voters
NJ,Rutgers-Eagleton,645,10/3/12,10/6/12,56,39,5,0,Live Phone,Registered Voters
WA,SurveyUSA,540,10/3/12,10/6/12,56,36,8,0,Live Phone,Likely Voters
WI,Marquette Univ. Law School,894,10/3/12,10/6/12,53,42,5,0,Live Phone,Likely Voters
OH,NBC/WSJ/Marist,931,10/3/12,10/6/12,51,43,6,0,Live Phone,Likely Voters
VA,NBC/WSJ/Marist,969,10/3/12,10/6/12,48,46,6,0,Live Phone,Likely Voters
FL,NBC/WSJ/Marist,890,10/3/12,10/6/12,47,46,7,0,Live Phone,Likely Voters
NC,Rasmussen,500,10/3/12,10/6/12,47,51,2,0,Live Phone,Likely Voters
MO,Public Policy,700,10/3/12,10/6/12,45,51,4,0,Live Phone,Likely Voters
AZ,Public Policy,595,10/3/12,10/6/12,44,53,3,0,Live Phone,Likely Voters
HI,Merriman River Group,1648,10/4/12,10/7/12,62,30,8,0,Live Phone,Likely Voters
MA,Mass Insight,405,10/4/12,10/7/12,60,34,6,0,Live Phone,Registered Voters
CT,Quinnipiac,1696,10/4/12,10/7/12,54,42,4,0,Live Phone,Likely Voters
MO,Rasmussen,500,10/4/12,10/7/12,46,49,5,0,Live Phone,Likely Voters
NM,Public Policy,778,10/5/12,10/8/12,52,43,5,0,Live Phone,Likely Voters
OH,Rasmussen,500,10/5/12,10/8/12,50,49,1,0,Live Phone,Likely Voters
NV,Gravis Marketing,1006,10/5/12,10/8/12,49,48,3,0,Live Phone,Likely Voters
VA,Rasmussen,500,10/5/12,10/8/12,48,49,3,0,Live Phone,Likely Voters
FL,Rasmussen,500,10/5/12,10/8/12,47,49,4,0,Live Phone,Likely Voters
CO,McLaughlin & Associates,1000,10/5/12,10/8/12,46,50,4,0,Live Phone,Likely Voters
FL,We Ask America,1200,10/5/12,10/8/12,46,49,5,0,Live Phone,Likely Voters
OH,We Ask America,1200,10/5/12,10/8/12,46,47,7,0,Live Phone,Likely Voters
VA,We Ask America,1200,10/5/12,10/8/12,45,48,7,0,Live Phone,Likely Voters
WI,Public Policy,979,10/6/12,10/9/12,49,47,4,0,Live Phone,Likely Voters
--,PPP/Daily Kos & SEIU,1300,10/4/12,10/9/12,47,49,0,2,Live Phone,Likely Voters
--,Gallup ,1387,10/4/12,10/9/12,47,47,0,4,Live Phone,Likely Voters
--,Rasmussen Reports,1500,10/4/12,10/9/12,47,49,0,2,Live Phone,Likely Voters
CO,Gravis Marketing,1438,10/6/12,10/9/12,46,49,5,0,Live Phone,Likely Voters
--,Investor's Business Daily/TIPP,812,10/4/12,10/9/12,46,47,2,4,Live Phone,Likely Voters
--,Pew Center,1201,10/4/12,10/9/12,46,46,2,4,Live Phone,Likely Voters
VA,Public Policy,725,10/7/12,10/10/12,50,47,3,0,Live Phone,Likely Voters
CO,Selzer & Co.,604,10/7/12,10/10/12,47,43,10,0,Live Phone,Likely Voters
--,Zogby / JZAnalytics,800,10/5/12,10/10/12,45,45,2,6,Live Phone,Likely Voters
MA,Western New England Univ.,440,10/8/12,10/11/12,63,33,4,0,Live Phone,Likely Voters
CO,Rasmussen,500,10/8/12,10/11/12,49,48,3,0,Live Phone,Likely Voters
IA,Rasmussen,500,10/8/12,10/11/12,49,47,4,0,Live Phone,Likely Voters
MI,"Foster, Baydoun",1122,10/8/12,10/11/12,49,46,5,0,Live Phone,Likely Voters
MI,EPIC-MRA,600,10/8/12,10/11/12,48,45,7,0,Live Phone,Likely Voters
PA,Susquehanna Polling & Research,725,10/8/12,10/11/12,47,45,8,0,Live Phone,Likely Voters
LA,Magellan Strategies,2682,10/8/12,10/11/12,36,59,5,0,Live Phone,Likely Voters
MA,YouGov,437,10/9/12,10/12/12,55,34,11,0,Live Phone,Likely Voters
MN,Public Policy,937,10/9/12,10/12/12,53,43,4,0,Live Phone,Likely Voters
MA,MassINC,501,10/9/12,10/12/12,52,36,12,0,Live Phone,Likely Voters
CT,Rasmussen,500,10/9/12,10/12/12,51,45,4,0,Live Phone,Likely Voters
OH,CNN | ORC,732,10/9/12,10/12/12,51,47,2,0,Live Phone,Likely Voters
NH,Granite State Poll - Univ. of NH,559,10/9/12,10/12/12,50,44,6,0,Live Phone,Likely Voters
--,Politico/George Washington University/Battleground,1000,10/7/12,10/12/12,49,48,0,2,Live Phone,Likely Voters
NV,Rasmussen,500,10/9/12,10/12/12,47,47,6,0,Live Phone,Likely Voters
OH,American Research Group,600,10/9/12,10/12/12,47,48,5,0,Live Phone,Likely Voters
CO,American Research Group,600,10/9/12,10/12/12,46,50,4,0,Live Phone,Likely Voters
--,Fox News,1204,10/7/12,10/12/12,46,44,2,6,Live Phone,Likely Voters
--,Reuters/Ipsos,1092,10/7/12,10/12/12,44,47,2,6,Live Phone,Likely Voters
PA,Siena College,545,10/9/12,10/12/12,43,40,17,0,Live Phone,Likely Voters
NC,Gravis Marketing,1325,10/9/12,10/12/12,41,50,9,0,Live Phone,Likely Voters
ND,Mason-Dixon,625,10/9/12,10/12/12,40,54,6,0,Live Phone,Likely Voters
RI,Brown University,471,10/10/12,10/13/12,58,32,10,0,Live Phone,Likely Voters
NM,Rasmussen,500,10/10/12,10/13/12,54,43,3,0,Live Phone,Likely Voters
ME,Pan Atlantic SMS,400,10/10/12,10/13/12,51,37,12,0,Live Phone,Likely Voters
PA,Rasmussen,500,10/10/12,10/13/12,51,46,3,0,Live Phone,Likely Voters
WI,Rasmussen,500,10/10/12,10/13/12,51,49,0,0,Live Phone,Likely Voters
FL,University of North Florida,653,10/10/12,10/13/12,49,45,6,0,Live Phone,Likely Voters
NH,Rasmussen,500,10/10/12,10/13/12,48,48,4,0,Live Phone,Likely Voters
NV,SurveyUSA,1222,10/10/12,10/13/12,47,46,7,0,Live Phone,Likely Voters
OH,SurveyUSA,808,10/10/12,10/13/12,45,44,11,0,Live Phone,Likely Voters
MT,Public Policy,737,10/10/12,10/13/12,41,52,7,0,Live Phone,Likely Voters
IN,McLaughlin & Associates,600,10/10/12,10/13/12,39,55,6,0,Live Phone,Likely Voters
IL,Chicago Tribune,700,10/11/12,10/14/12,55,36,9,0,Live Phone,Registered Voters
MA,Public Policy,1051,10/11/12,10/14/12,55,41,4,0,Live Phone,Likely Voters
CA,SurveyUSA,539,10/11/12,10/14/12,53,39,8,0,Live Phone,Likely Voters
NJ,Philadelphia Inquirer,604,10/11/12,10/14/12,51,40,9,0,Live Phone,Likely Voters
NV,Public Policy,594,10/11/12,10/14/12,51,47,2,0,Live Phone,Likely Voters
OH,NBC/WSJ/Marist,994,10/11/12,10/14/12,51,45,4,0,Live Phone,Likely Voters
VA,Quinnipiac,1288,10/11/12,10/14/12,51,46,3,0,Live Phone,Likely Voters
PA,Philadelphia Inquirer,600,10/11/12,10/14/12,50,42,8,0,Live Phone,Likely Voters
WI,Quinnipiac,1327,10/11/12,10/14/12,50,47,3,0,Live Phone,Likely Voters
WI,Pulse Opinion Research,1000,10/11/12,10/14/12,50,46,4,0,Live Phone,Likely Voters
MI,Glengariff Group,600,10/11/12,10/14/12,49,42,9,0,Live Phone,Likely Voters
FL,NBC/WSJ/Marist,988,10/11/12,10/14/12,48,47,5,0,Live Phone,Likely Voters
NC,Rasmussen,500,10/11/12,10/14/12,48,51,1,0,Live Phone,Likely Voters
OH,Rasmussen,500,10/11/12,10/14/12,48,47,5,0,Live Phone,Likely Voters
VA,Pulse Opinion Research,1000,10/11/12,10/14/12,48,48,4,0,Live Phone,Likely Voters
CO,Quinnipiac,1254,10/11/12,10/14/12,47,48,5,0,Live Phone,Likely Voters
NV,Suffolk University,500,10/11/12,10/14/12,47,45,8,0,Live Phone,Registered Voters
OH,Pulse Opinion Research,1000,10/11/12,10/14/12,47,46,7,0,Live Phone,Likely Voters
PA,Pulse Opinion Research,1000,10/11/12,10/14/12,47,45,8,0,Live Phone,Likely Voters
VA,NBC/WSJ/Marist,981,10/11/12,10/14/12,47,48,5,0,Live Phone,Likely Voters
MI,Gravis Marketing,1122,10/11/12,10/14/12,46,44,10,0,Live Phone,Likely Voters
--,Gallup ,2700,10/9/12,10/14/12,46,50,0,2,Live Phone,Likely Voters
OH,Gravis Marketing,1313,10/11/12,10/14/12,45,46,9,0,Live Phone,Likely Voters
FL,Mason-Dixon,800,10/11/12,10/14/12,44,51,5,0,Live Phone,Registered Voters
MT,Montana State University,477,10/11/12,10/14/12,35,49,16,0,Live Phone,Registered Voters
CA,CBRT Pepperdine,830,10/12/12,10/15/12,54,33,13,0,Live Phone,Likely Voters
MI,Rasmussen,500,10/12/12,10/15/12,52,45,3,0,Live Phone,Likely Voters
--,ABC News/Washington Post,923,10/10/12,10/15/12,49,46,0,2,Live Phone,Likely Voters
CO,SurveyUSA,614,10/12/12,10/15/12,47,48,5,0,Live Phone,Likely Voters
FL,Rasmussen,500,10/12/12,10/15/12,47,51,2,0,Live Phone,Likely Voters
VA,Rasmussen,500,10/12/12,10/15/12,47,49,4,0,Live Phone,Likely Voters
--,Angus Reid Public Opinion[permanent dead link],906,10/10/12,10/15/12,47,47,0,4,Live Phone,Likely Voters
--,IBD/TIPP ,931,10/10/12,10/15/12,47,45,2,4,Live Phone,Likely Voters
FL,American Research Group,600,10/12/12,10/15/12,46,49,5,0,Live Phone,Likely Voters
NH,American Research Group,600,10/12/12,10/15/12,46,50,4,0,Live Phone,Likely Voters
--,UConn/Hartford Courant,1023,10/11/12,10/16/12,48,45,2,4,Live Phone,Likely Voters
OH,Public Policy,880,10/14/12,10/17/12,51,46,3,0,Live Phone,Likely Voters
NM,Albuquerque Journal,658,10/14/12,10/17/12,49,39,12,0,Live Phone,Likely Voters
NC,High Point Universtiy,605,10/14/12,10/17/12,46,45,9,0,Live Phone,Registered Voters
AZ,Behavior Research Center,523,10/14/12,10/17/12,44,42,14,0,Live Phone,Likely Voters
GA,Atlanta Journal-Constitution,706,10/14/12,10/17/12,43,51,6,0,Live Phone,Likely Voters
ID,Mason-Dixon,625,10/14/12,10/17/12,27,63,10,0,Live Phone,Registered Voters
PA,Public Policy,500,10/15/12,10/18/12,51,44,5,0,Live Phone,Likely Voters
WI,Pulse Opinion Research,1000,10/15/12,10/18/12,50,47,3,0,Live Phone,Likely Voters
PA,Morning Call/Muhlenberg,438,10/15/12,10/18/12,49,45,6,0,Live Phone,Likely Voters
CO,Gravis Marketing,2089,10/15/12,10/18/12,48,46,6,0,Live Phone,Likely Voters
FL,Public Policy,791,10/15/12,10/18/12,48,49,3,0,Live Phone,Likely Voters
FL,Gravis Marketing,617,10/15/12,10/18/12,48,49,3,0,Live Phone,Likely Voters
IA,American Research Group,600,10/15/12,10/18/12,48,48,4,0,Live Phone,Likely Voters
PA,Pulse Opinion Research,1000,10/15/12,10/18/12,48,44,8,0,Live Phone,Likely Voters
NC,Public Policy,1084,10/15/12,10/18/12,47,49,4,0,Live Phone,Likely Voters
VA,American Research Group,600,10/15/12,10/18/12,47,48,5,0,Live Phone,Likely Voters
VA,Pulse Opinion Research,1000,10/15/12,10/18/12,47,46,7,0,Live Phone,Likely Voters
--,Rasmussen Reports,1500,10/13/12,10/18/12,47,49,0,2,Live Phone,Likely Voters
OH,Pulse Opinion Research,1000,10/15/12,10/18/12,46,47,7,0,Live Phone,Likely Voters
MO,Wenzel Strategies,1000,10/15/12,10/18/12,41,55,4,0,Live Phone,Likely Voters
SD,Nielson Brothers,762,10/15/12,10/18/12,41,52,7,0,Live Phone,Likely Voters
NY,YouGov,1142,10/16/12,10/19/12,59,35,6,0,Live Phone,Likely Voters
CA,YouGov,1169,10/16/12,10/19/12,58,39,3,0,Live Phone,Likely Voters
IL,YouGov,850,10/16/12,10/19/12,58,38,4,0,Live Phone,Likely Voters
MD,YouGov,498,10/16/12,10/19/12,58,37,5,0,Live Phone,Likely Voters
MA,Rasmussen,500,10/16/12,10/19/12,57,42,1,0,Live Phone,Likely Voters
WA,YouGov,748,10/16/12,10/19/12,56,39,5,0,Live Phone,Likely Voters
MA,YouGov,669,10/16/12,10/19/12,55,36,9,0,Live Phone,Likely Voters
NJ,YouGov,770,10/16/12,10/19/12,54,41,5,0,Live Phone,Likely Voters
WA,SurveyUSA,543,10/16/12,10/19/12,54,40,6,0,Live Phone,Likely Voters
CT,YouGov,434,10/16/12,10/19/12,53,39,8,0,Live Phone,Likely Voters
MI,YouGov,895,10/16/12,10/19/12,52,42,6,0,Live Phone,Likely Voters
MN,YouGov,683,10/16/12,10/19/12,52,44,4,0,Live Phone,Likely Voters
NJ,Quinnipiac,1319,10/16/12,10/19/12,51,43,6,0,Live Phone,Likely Voters
PA,YouGov,967,10/16/12,10/19/12,51,44,5,0,Live Phone,Likely Voters
WI,YouGov,639,10/16/12,10/19/12,51,47,2,0,Live Phone,Likely Voters
IA,YouGov,545,10/16/12,10/19/12,50,46,4,0,Live Phone,Likely Voters
NV,YouGov,358,10/16/12,10/19/12,50,45,5,0,Live Phone,Likely Voters
OH,YouGov,851,10/16/12,10/19/12,50,46,4,0,Live Phone,Likely Voters
PA,Quinnipiac,1519,10/16/12,10/19/12,50,46,4,0,Live Phone,Likely Voters
IA,We Ask America,1499,10/16/12,10/19/12,49,46,5,0,Live Phone,Likely Voters
CO,YouGov,527,10/16/12,10/19/12,48,45,7,0,Live Phone,Likely Voters
FL,YouGov,1244,10/16/12,10/19/12,48,47,5,0,Live Phone,Likely Voters
NC,YouGov,810,10/16/12,10/19/12,48,49,3,0,Live Phone,Likely Voters
CO,We Ask America,1206,10/16/12,10/19/12,47,48,5,0,Live Phone,Likely Voters
NH,Suffolk University,500,10/16/12,10/19/12,47,47,6,0,Live Phone,Likely Voters
VA,YouGov,743,10/16/12,10/19/12,46,45,9,0,Live Phone,Likely Voters
--,Gallup ,2700,10/14/12,10/19/12,45,52,0,2,Live Phone,Likely Voters
GA,YouGov,777,10/16/12,10/19/12,44,52,4,0,Live Phone,Likely Voters
AZ,YouGov,469,10/16/12,10/19/12,43,52,5,0,Live Phone,Likely Voters
TN,YouGov,484,10/16/12,10/19/12,43,52,5,0,Live Phone,Likely Voters
MO,YouGov,546,10/16/12,10/19/12,42,52,6,0,Live Phone,Likely Voters
IN,Rasmussen,600,10/16/12,10/19/12,41,54,5,0,Live Phone,Likely Voters
IN,YouGov,495,10/16/12,10/19/12,41,53,6,0,Live Phone,Likely Voters
TX,YouGov,958,10/16/12,10/19/12,41,55,4,0,Live Phone,Likely Voters
MA,Public Policy,709,10/17/12,10/20/12,57,39,4,0,Live Phone,Likely Voters
WA,Rasmussen,500,10/17/12,10/20/12,55,42,3,0,Live Phone,Likely Voters
CT,Siena College,552,10/17/12,10/20/12,53,38,9,0,Live Phone,Likely Voters
NH,Rasmussen,500,10/17/12,10/20/12,50,49,1,0,Live Phone,Likely Voters
NV,Rasmussen,500,10/17/12,10/20/12,50,47,3,0,Live Phone,Likely Voters
WA,Public Policy,574,10/17/12,10/20/12,50,45,5,0,Live Phone,Likely Voters
WI,Marquette Univ. Law School,870,10/17/12,10/20/12,49,48,3,0,Live Phone,Likely Voters
--,UPI/CVOTER,3633,10/15/12,10/20/12,49,48,0,2,Live Phone,Likely Voters
NV,SurveyUSA,806,10/17/12,10/20/12,48,45,7,0,Live Phone,Likely Voters
--,Politico/George Washington University/Battleground,1000,10/15/12,10/20/12,47,49,0,2,Live Phone,Likely Voters
MT,Rasmussen,500,10/17/12,10/20/12,45,53,2,0,Live Phone,Likely Voters
OH,SurveyUSA,613,10/17/12,10/20/12,45,42,13,0,Live Phone,Likely Voters
MT,Public Policy,806,10/17/12,10/20/12,43,53,4,0,Live Phone,Likely Voters
CT,Public Policy,1015,10/18/12,10/21/12,53,44,3,0,Live Phone,Likely Voters
MI,EPIC-MRA,800,10/18/12,10/21/12,52,46,2,0,Live Phone,Likely Voters
WA,Washington Poll,644,10/18/12,10/21/12,52,43,5,0,Live Phone,Likely Voters
CT,UConn/Courant,574,10/18/12,10/21/12,51,37,12,0,Live Phone,Likely Voters
IA,NBC/WSJ/Marist,1137,10/18/12,10/21/12,51,43,6,0,Live Phone,Likely Voters
WI,NBC/WSJ/Marist,1013,10/18/12,10/21/12,51,45,4,0,Live Phone,Likely Voters
CO,Public Policy,1000,10/18/12,10/21/12,50,47,3,0,Live Phone,Likely Voters
MN,SurveyUSA,550,10/18/12,10/21/12,50,40,10,0,Live Phone,Likely Voters
OH,Rasmussen,750,10/18/12,10/21/12,49,48,3,0,Live Phone,Likely Voters
VA,Public Policy,733,10/18/12,10/21/12,49,48,3,0,Live Phone,Likely Voters
NC,Rasmussen,500,10/18/12,10/21/12,46,52,2,0,Live Phone,Likely Voters
MI,Denno Research,600,10/18/12,10/21/12,44,41,15,0,Live Phone,Likely Voters
CA,Reason-Rupe,508,10/19/12,10/22/12,53,38,9,0,Live Phone,Likely Voters
WI,Rasmussen,500,10/19/12,10/22/12,50,48,2,0,Live Phone,Likely Voters
OR,SurveyUSA,579,10/19/12,10/22/12,49,42,9,0,Live Phone,Likely Voters
--,PPP/Americans United for Change,1200,10/17/12,10/22/12,49,47,0,2,Live Phone,Likely Voters
FL,CNN | ORC,681,10/19/12,10/22/12,48,49,3,0,Live Phone,Likely Voters
IA,Public Policy,869,10/19/12,10/22/12,48,49,3,0,Live Phone,Likely Voters
NH,Public Policy,1036,10/19/12,10/22/12,48,49,3,0,Live Phone,Likely Voters
--,CBS News,790,10/17/12,10/22/12,48,46,0,4,Live Phone,Likely Voters
NC,Project New America,500,10/19/12,10/22/12,47,44,9,0,Live Phone,Likely Voters
VA,Rasmussen,750,10/19/12,10/22/12,47,50,3,0,Live Phone,Likely Voters
--,NBC/WSJ,816,10/17/12,10/22/12,47,47,0,4,Live Phone,Likely Voters
--,IBD/TIPP,938,10/17/12,10/22/12,47,45,2,4,Live Phone,Likely Voters
FL,Rasmussen,750,10/19/12,10/22/12,46,51,3,0,Live Phone,Likely Voters
OH,Fox News,1131,10/19/12,10/22/12,46,43,11,0,Live Phone,Likely Voters
FL,Fox News,1130,10/19/12,10/22/12,45,48,7,0,Live Phone,Likely Voters
MO,Rasmussen,500,10/19/12,10/22/12,43,54,3,0,Live Phone,Likely Voters
NJ,SurveyUSA,577,10/20/12,10/23/12,54,40,6,0,Live Phone,Likely Voters
--,Washington Times/JZ Analytics,800,10/18/12,10/23/12,50,47,0,2,Live Phone,Likely Voters
OH,Public Policy,532,10/20/12,10/23/12,49,48,3,0,Live Phone,Likely Voters
VA,Public Policy,500,10/20/12,10/23/12,49,47,4,0,Live Phone,Likely Voters
--,ABC News/Washington Post,1376,10/18/12,10/23/12,49,48,0,2,Live Phone,Likely Voters
FL,SurveyUSA,600,10/20/12,10/23/12,47,46,7,0,Live Phone,Likely Voters
OH,Gravis Marketing,1943,10/20/12,10/23/12,47,47,6,0,Live Phone,Likely Voters
--,Monmouth/SurveyUSA/Braun,1402,10/18/12,10/23/12,45,48,2,4,Live Phone,Likely Voters
--,Associated Press/GFK,1186,10/19/12,10/24/12,48,40,2,8,Live Phone,Likely Voters
FL,Public Policy,800,10/21/12,10/24/12,47,48,5,0,Live Phone,Likely Voters
MI,Angus Reid,551,10/22/12,10/25/12,52,43,5,0,Live Phone,Likely Voters
PA,Angus Reid,559,10/22/12,10/25/12,52,42,6,0,Live Phone,Likely Voters
NH,Granite State Poll - Univ. of NH,773,10/22/12,10/25/12,51,42,7,0,Live Phone,Likely Voters
WI,Angus Reid,502,10/22/12,10/25/12,51,46,3,0,Live Phone,Likely Voters
OH,Quinnipiac,1548,10/22/12,10/25/12,50,45,5,0,Live Phone,Likely Voters
PA,Morning Call/Muhlenberg,444,10/22/12,10/25/12,50,45,5,0,Live Phone,Likely Voters
IA,Rasmussen,500,10/22/12,10/25/12,48,48,4,0,Live Phone,Likely Voters
OH,Angus Reid,550,10/22/12,10/25/12,48,48,4,0,Live Phone,Likely Voters
PA,Gravis Marketing,887,10/22/12,10/25/12,48,45,7,0,Live Phone,Likely Voters
OH,Suffolk University,600,10/22/12,10/25/12,47,47,6,0,Live Phone,Likely Voters
CO,Rasmussen,500,10/22/12,10/25/12,46,50,4,0,Live Phone,Likely Voters
MO,Public Policy,582,10/22/12,10/25/12,46,52,2,0,Live Phone,Likely Voters
--,Rasmussen ,1500,10/20/12,10/25/12,46,50,0,2,Live Phone,Likely Voters
ND,Rasmussen,600,10/22/12,10/25/12,40,54,6,0,Live Phone,Likely Voters
CT,SurveyUSA,575,10/23/12,10/26/12,53,40,7,0,Live Phone,Likely Voters
NJ,Stockton College,811,10/23/12,10/26/12,53,38,9,0,Live Phone,Likely Voters
CT,Rasmussen,500,10/23/12,10/26/12,52,45,3,0,Live Phone,Likely Voters
WA,Strategies 360,500,10/23/12,10/26/12,52,39,9,0,Live Phone,Likely Voters
MN,Rasmussen,500,10/23/12,10/26/12,51,45,4,0,Live Phone,Likely Voters
IA,Public Policy,660,10/23/12,10/26/12,49,48,3,0,Live Phone,Likely Voters
NV,American Research Group,600,10/23/12,10/26/12,49,47,4,0,Live Phone,Likely Voters
NH,American Research Group,600,10/23/12,10/26/12,47,49,4,0,Live Phone,Likely Voters
--,ABC News/Washington Post,1386,10/21/12,10/26/12,47,50,0,2,Live Phone,Likely Voters
ND,Essman Research,500,10/23/12,10/26/12,32,57,11,0,Live Phone,Likely Voters
MD,Washington Post,843,10/24/12,10/27/12,60,36,4,0,Live Phone,Likely Voters
MA,MassINC,516,10/24/12,10/27/12,56,36,8,0,Live Phone,Likely Voters
CT,Quinnipiac,1412,10/24/12,10/27/12,55,41,4,0,Live Phone,Likely Voters
NV,Public Policy,636,10/24/12,10/27/12,51,47,2,0,Live Phone,Likely Voters
NV,Rasmussen,500,10/24/12,10/27/12,50,48,2,0,Live Phone,Likely Voters
OH,TIME,783,10/24/12,10/27/12,49,44,7,0,Live Phone,Likely Voters
--,Politico/George Washington University/Battleground,1000,10/22/12,10/27/12,49,48,0,2,Live Phone,Likely Voters
--,PPP/Americans United for Change,1200,10/22/12,10/27/12,49,48,0,2,Live Phone,Likely Voters
NH,Rasmussen,500,10/24/12,10/27/12,48,50,2,0,Live Phone,Likely Voters
OH,Rasmussen,750,10/24/12,10/27/12,48,48,4,0,Live Phone,Likely Voters
--,Gallup ,3050,10/22/12,10/27/12,48,48,0,2,Live Phone,Likely Voters
OH,SurveyUSA,609,10/24/12,10/27/12,47,44,9,0,Live Phone,Likely Voters
--,High Point University,805,10/22/12,10/27/12,46,43,2,6,Live Phone,Likely Voters
--,Investor's Business Daily/TIPP,942,10/22/12,10/27/12,45,44,2,6,Live Phone,Likely Voters
AR,University of Arkansas,642,10/24/12,10/27/12,31,58,11,0,Live Phone,Likely Voters
UT,Key Research,500,10/24/12,10/27/12,20,71,9,0,Live Phone,Likely Voters
NY,NY1/YNN-Marist,565,10/25/12,10/28/12,61,35,4,0,Live Phone,Likely Voters
CO,Public Policy,904,10/25/12,10/28/12,51,47,2,0,Live Phone,Likely Voters
PA,Rasmussen,500,10/25/12,10/28/12,51,46,3,0,Live Phone,Likely Voters
VA,Public Policy,722,10/25/12,10/28/12,51,46,3,0,Live Phone,Likely Voters
WI,Public Policy,827,10/25/12,10/28/12,51,45,4,0,Live Phone,Likely Voters
NV,NBC/WSJ/Marist,1042,10/25/12,10/28/12,50,47,3,0,Live Phone,Likely Voters
CT,Mason-Dixon,625,10/25/12,10/28/12,49,42,9,0,Live Phone,Likely Voters
FL,Gravis Marketing,1182,10/25/12,10/28/12,49,50,1,0,Live Phone,Likely Voters
IA,Public Policy,690,10/25/12,10/28/12,49,47,4,0,Live Phone,Likely Voters
CO,NBC/WSJ/Marist,1128,10/25/12,10/28/12,48,48,4,0,Live Phone,Likely Voters
NC,Public Policy,880,10/25/12,10/28/12,48,48,4,0,Live Phone,Likely Voters
VA,Rasmussen,750,10/25/12,10/28/12,48,50,2,0,Live Phone,Likely Voters
WI,Mason-Dixon,625,10/25/12,10/28/12,48,46,6,0,Live Phone,Likely Voters
MI,"Foster, Baydoun",1122,10/25/12,10/28/12,47,47,6,0,Live Phone,Likely Voters
--,National Public Radio,1000,10/23/12,10/28/12,47,48,0,2,Live Phone,Likely Voters
OH,Lake Research,600,10/25/12,10/28/12,46,44,10,0,Live Phone,Likely Voters
VA,Univ. VA/George Mason,641,10/25/12,10/28/12,45,46,9,0,Live Phone,Registered Voters
AZ,Rasmussen,500,10/25/12,10/28/12,44,52,4,0,Live Phone,Likely Voters
CA,PPIC,993,10/26/12,10/29/12,53,41,6,0,Live Phone,Likely Voters
--,Ipsos/Reuters,1133,10/24/12,10/29/12,51,39,2,6,Live Phone,Likely Voters
IA,Gravis Marketing,517,10/26/12,10/29/12,50,46,4,0,Live Phone,Likely Voters
NV,Gravis Marketing,955,10/26/12,10/29/12,50,49,1,0,Live Phone,Likely Voters
OH,CNN | ORC,741,10/26/12,10/29/12,50,46,4,0,Live Phone,Likely Voters
NH,New England College,571,10/26/12,10/29/12,49,46,5,0,Live Phone,Likely Voters
OH,American Research Group,600,10/26/12,10/29/12,49,47,4,0,Live Phone,Likely Voters
WI,Rasmussen,500,10/26/12,10/29/12,49,49,2,0,Live Phone,Likely Voters
FL,Rasmussen,750,10/26/12,10/29/12,48,50,2,0,Live Phone,Likely Voters
CO,Purple Strategies,600,10/26/12,10/29/12,47,46,7,0,Live Phone,Likely Voters
VA,Purple Strategies,600,10/26/12,10/29/12,47,47,6,0,Live Phone,Likely Voters
--,Pew,1678,10/24/12,10/29/12,47,45,2,4,Live Phone,Likely Voters
FL,Sunshine State News,1001,10/26/12,10/29/12,46,51,3,0,Live Phone,Likely Voters
OH,Purple Strategies,600,10/26/12,10/29/12,46,44,10,0,Live Phone,Likely Voters
NC,Gravis Marketing,1723,10/26/12,10/29/12,45,53,2,0,Live Phone,Likely Voters
VA,Fox News,1126,10/26/12,10/29/12,45,47,8,0,Live Phone,Likely Voters
NY,Siena College,750,10/27/12,10/30/12,59,35,6,0,Live Phone,Likely Voters
CA,USC/Los Angeles Times,1440,10/27/12,10/30/12,54,40,6,0,Live Phone,Likely Voters
MN,St. Cloud State,600,10/27/12,10/30/12,53,45,2,0,Live Phone,Likely Voters
NM,Public Policy,727,10/27/12,10/30/12,53,44,3,0,Live Phone,Likely Voters
NJ,Philadelphia Inquirer,601,10/27/12,10/30/12,51,41,8,0,Live Phone,Likely Voters
VA,Washington Post,1228,10/27/12,10/30/12,51,47,2,0,Live Phone,Likely Voters
--,United Technologies/National Journal,713,10/25/12,10/30/12,50,45,0,2,Live Phone,Likely Voters
PA,Philadelphia Inquirer,600,10/27/12,10/30/12,49,43,8,0,Live Phone,Likely Voters
--,ABC News/Washington Post,1259,10/25/12,10/30/12,49,49,0,0,Live Phone,Likely Voters
--,DailyKos/PPP/SEIU,1400,10/25/12,10/30/12,49,49,0,0,Live Phone,Likely Voters
VA,Gravis Marketing,645,10/27/12,10/30/12,48,48,4,0,Live Phone,Likely Voters
--,CBS News/New York Times,563,10/25/12,10/30/12,48,47,0,2,Live Phone,Likely Voters
NC,Civitas,600,10/27/12,10/30/12,47,48,5,0,Live Phone,Likely Voters
NC,Rasmussen,500,10/27/12,10/30/12,46,52,2,0,Live Phone,Likely Voters
MO,Mason-Dixon,625,10/27/12,10/30/12,41,54,5,0,Live Phone,Likely Voters
TN,MTSU,609,10/27/12,10/30/12,34,59,7,0,Live Phone,Likely Voters
OK,SoonerPoll,305,10/27/12,10/30/12,33,59,8,0,Live Phone,Likely Voters
OH,Public Policy,718,10/28/12,10/31/12,51,47,2,0,Live Phone,Likely Voters
NM,Albuquerque Journal,662,10/28/12,10/31/12,50,41,9,0,Live Phone,Likely Voters
OH,Gravis Marketing,730,10/28/12,10/31/12,50,49,1,0,Live Phone,Likely Voters
FL,Public Policy,687,10/28/12,10/31/12,49,48,3,0,Live Phone,Likely Voters
NH,Public Policy,874,10/28/12,10/31/12,49,47,4,0,Live Phone,Likely Voters
OH,Ohio Newspaper Poll,1015,10/28/12,10/31/12,49,49,2,0,Live Phone,Likely Voters
--,YouGov/The YouGov,757,10/26/12,10/31/12,48,46,0,4,Live Phone,Likely Voters
MN,Mason-Dixon,800,10/28/12,10/31/12,47,44,9,0,Live Phone,Likely Voters
NE,Wiese Research (2nd CD Only),800,10/28/12,10/31/12,44,49,7,0,Live Phone,Registered Voters
NE,Wiese Research,800,10/28/12,10/31/12,38,52,10,0,Live Phone,Registered Voters
MD,Baltimore Sun,,10/29/12,11/1/12,55,36,9,0,Live Phone,Registered Voters
MA,Boston Globe,583,10/29/12,11/1/12,52,38,10,0,Live Phone,Likely Voters
FL,CNN | ORC,770,10/29/12,11/1/12,49,50,1,0,Live Phone,Likely Voters
OH,Rasmussen,750,10/29/12,11/1/12,48,50,2,0,Live Phone,Likely Voters
CO,American Research Group,600,10/29/12,11/1/12,47,48,5,0,Live Phone,Likely Voters
--,Rasmussen ,1500,10/27/12,11/1/12,47,49,0,2,Live Phone,Likely Voters
NC,Elon University,1238,10/29/12,11/1/12,45,45,10,0,Live Phone,Likely Voters
NY,SurveyUSA,554,10/30/12,11/2/12,62,33,5,0,Live Phone,Likely Voters
--,ABC News/Washington Post,1293,10/28/12,11/2/12,49,48,0,2,Live Phone,Likely Voters
FL,SurveyUSA,595,10/30/12,11/2/12,47,47,6,0,Live Phone,Likely Voters
OR,Elway Research,405,10/30/12,11/2/12,47,41,12,0,Live Phone,Likely Voters
--,Fox News,1230,10/28/12,11/2/12,46,45,2,6,Live Phone,Likely Voters
--,JZAnalytics,1015,10/28/12,11/2/12,45,48,2,4,Live Phone,Likely Voters
GA,SurveyUSA,574,10/30/12,11/2/12,44,52,4,0,Live Phone,Likely Voters
MA,Suffolk University,600,10/31/12,11/3/12,63,31,6,0,Live Phone,Likely Voters
MA,Rasmussen,500,10/31/12,11/3/12,59,40,1,0,Live Phone,Likely Voters
IL,We Ask America,1198,10/31/12,11/3/12,57,41,2,0,Live Phone,Likely Voters
CA,CBRT Pepperdine,2115,10/31/12,11/3/12,56,33,11,0,Live Phone,Likely Voters
MI,Public Policy,500,10/31/12,11/3/12,53,45,2,0,Live Phone,Likely Voters
WI,Public Policy,825,10/31/12,11/3/12,51,46,3,0,Live Phone,Likely Voters
WI,Marquette Univ. Law School,1243,10/31/12,11/3/12,51,43,6,0,Live Phone,Likely Voters
CO,We Ask America,1246,10/31/12,11/3/12,50,47,3,0,Live Phone,Likely Voters
IA,Public Policy,676,10/31/12,11/3/12,50,45,5,0,Live Phone,Likely Voters
OH,Quinnipiac,1110,10/31/12,11/3/12,50,45,5,0,Live Phone,Likely Voters
OH,Public Policy,600,10/31/12,11/3/12,50,45,5,0,Live Phone,Likely Voters
FL,We Ask America,1146,10/31/12,11/3/12,49,50,1,0,Live Phone,Likely Voters
IA,We Ask America,1174,10/31/12,11/3/12,49,47,4,0,Live Phone,Likely Voters
NC,Public Policy,730,10/31/12,11/3/12,49,49,2,0,Live Phone,Likely Voters
OR,DHM Research,500,10/31/12,11/3/12,49,42,9,0,Live Phone,Registered Voters
PA,Franklin & Marshall,547,10/31/12,11/3/12,49,45,6,0,Live Phone,Likely Voters
VA,Quinnipiac,1074,10/31/12,11/3/12,49,47,4,0,Live Phone,Likely Voters
--,Washington Times/JZ Analytics,800,10/29/12,11/3/12,49,49,0,0,Live Phone,Likely Voters
FL,Quinnipiac,1073,10/31/12,11/3/12,48,47,5,0,Live Phone,Likely Voters
MI,Glengariff Group,600,10/31/12,11/3/12,48,45,7,0,Live Phone,Likely Voters
MI,EPIC-MRA,600,10/31/12,11/3/12,48,42,10,0,Live Phone,Likely Voters
OH,Ohio Poll,1141,10/31/12,11/3/12,48,46,6,0,Live Phone,Likely Voters
OH,SurveyUSA,603,10/31/12,11/3/12,48,45,7,0,Live Phone,Likely Voters
--,Politico/George Washington University/Battleground,1000,10/29/12,11/3/12,48,49,0,2,Live Phone,Likely Voters
FL,Gravis Marketing,549,10/31/12,11/3/12,47,50,3,0,Live Phone,Likely Voters
NC,SurveyUSA,682,10/31/12,11/3/12,45,50,5,0,Live Phone,Likely Voters
VA,Roanoke College,638,10/31/12,11/3/12,44,49,7,0,Live Phone,Likely Voters
MO,We Ask America,1217,10/31/12,11/3/12,42,54,4,0,Live Phone,Likely Voters
ND,Mason-Dixon,625,10/31/12,11/3/12,40,54,6,0,Live Phone,Likely Voters
WA,Washington Poll,632,11/1/12,11/4/12,57,36,7,0,Live Phone,Likely Voters
RI,Fleming & Associates,601,11/1/12,11/4/12,54,33,13,0,Live Phone,Likely Voters
WA,SurveyUSA,555,11/1/12,11/4/12,54,40,6,0,Live Phone,Likely Voters
WI,St. Norbert College,402,11/1/12,11/4/12,51,42,7,0,Live Phone,Likely Voters
CO,CNN | ORC,764,11/1/12,11/4/12,50,48,2,0,Live Phone,Likely Voters
IA,NBC/WSJ/Marist,1142,11/1/12,11/4/12,50,44,6,0,Live Phone,Likely Voters
MN,SurveyUSA,574,11/1/12,11/4/12,50,43,7,0,Live Phone,Likely Voters
NV,SurveyUSA,1212,11/1/12,11/4/12,50,46,4,0,Live Phone,Likely Voters
NH,NBC/WSJ/Marist,1013,11/1/12,11/4/12,49,47,4,0,Live Phone,Likely Voters
VA,Public Policy,600,11/1/12,11/4/12,49,46,5,0,Live Phone,Likely Voters
VA,Ipsos/Reuters,792,11/1/12,11/4/12,49,44,7,0,Live Phone,Likely Voters
WI,Rasmussen,750,11/1/12,11/4/12,49,49,2,0,Live Phone,Likely Voters
WI,NBC/WSJ/Marist,1065,11/1/12,11/4/12,49,46,5,0,Live Phone,Likely Voters
--,PPP/Americans United for Change,1200,10/30/12,11/4/12,49,48,0,2,Live Phone,Likely Voters
FL,Ipsos/Reuters,897,11/1/12,11/4/12,48,46,6,0,Live Phone,Likely Voters
IA,Rasmussen,750,11/1/12,11/4/12,48,49,3,0,Live Phone,Likely Voters
CO,Rasmussen,750,11/1/12,11/4/12,47,50,3,0,Live Phone,Likely Voters
OH,Ipsos/Reuters,936,11/1/12,11/4/12,47,45,8,0,Live Phone,Likely Voters
CO,Ipsos/Reuters,694,11/1/12,11/4/12,46,47,7,0,Live Phone,Likely Voters
HI,Merriman River Group,1218,11/2/12,11/5/12,61,34,5,0,Live Phone,Likely Voters
ME,Public Policy,1633,11/2/12,11/5/12,55,42,3,0,Live Phone,Likely Voters
MN,Public Policy,772,11/2/12,11/5/12,53,44,3,0,Live Phone,Likely Voters
MI,Rasmussen,750,11/2/12,11/5/12,52,47,1,0,Live Phone,Likely Voters
MI,Public Policy,500,11/2/12,11/5/12,52,46,2,0,Live Phone,Likely Voters
OR,Public Policy,921,11/2/12,11/5/12,52,46,2,0,Live Phone,Likely Voters
WI,We Ask America,1210,11/2/12,11/5/12,52,45,3,0,Live Phone,Likely Voters
ME,Public Policy (2nd CD Only),768,11/2/12,11/5/12,51,46,3,0,Live Phone,Likely Voters
CO,Public Policy,825,11/2/12,11/5/12,50,46,4,0,Live Phone,Likely Voters
ME,Gravis Marketing (2nd CD Only),509,11/2/12,11/5/12,50,47,3,0,Live Phone,Likely Voters
NH,New England College,1017,11/2/12,11/5/12,50,44,6,0,Live Phone,Likely Voters
NH,Gravis Marketing,497,11/2/12,11/5/12,50,49,1,0,Live Phone,Likely Voters
OH,We Ask America,1649,11/2/12,11/5/12,50,46,4,0,Live Phone,Likely Voters
OH,CNN | ORC,796,11/2/12,11/5/12,50,47,3,0,Live Phone,Likely Voters
IA,Gravis Marketing,594,11/2/12,11/5/12,49,45,6,0,Live Phone,Likely Voters
OH,Rasmussen,750,11/2/12,11/5/12,49,49,2,0,Live Phone,Likely Voters
VA,We Ask America,1069,11/2/12,11/5/12,49,48,3,0,Live Phone,Likely Voters
--,ABC News/Washington Post,2069,10/31/12,11/5/12,49,48,0,2,Live Phone,Likely Voters
--,Pew,3151,10/31/12,11/5/12,49,42,2,6,Live Phone,Likely Voters
--,YouGov,6000,10/31/12,11/5/12,49,47,0,2,Live Phone,Likely Voters
FL,Ipsos/Reuters,985,11/2/12,11/5/12,48,46,6,0,Live Phone,Likely Voters
VA,Ipsos/Reuters,1065,11/2/12,11/5/12,48,45,7,0,Live Phone,Likely Voters
--,Ipsos/Reuters,5158,10/31/12,11/5/12,48,42,2,6,Live Phone,Likely Voters
CO,SurveyUSA,695,11/2/12,11/5/12,47,45,8,0,Live Phone,Likely Voters
OH,Ipsos/Reuters,1012,11/2/12,11/5/12,47,45,8,0,Live Phone,Likely Voters
CO,Ipsos/Reuters,1052,11/2/12,11/5/12,46,46,8,0,Live Phone,Likely Voters
NC,High Point University,403,11/2/12,11/5/12,45,46,9,0,Live Phone,Likely Voters
IN,Howey / DePauw,800,11/2/12,11/5/12,41,50,9,0,Live Phone,Likely Voters
NE,We Ask America,1178,11/2/12,11/5/12,41,54,5,0,Live Phone,Likely Voters
MD,YouGov,705,11/4/12,11/6/12,59,37,4,0,Live Phone,Likely Voters
NY,YouGov,1430,11/4/12,11/6/12,59,36,5,0,Live Phone,Likely Voters
MA,Western New England Univ.,535,11/4/12,11/6/12,58,40,2,0,Live Phone,Likely Voters
MA,Public Policy,1089,11/3/12,11/6/12,57,42,1,0,Live Phone,Likely Voters
IL,YouGov,1126,11/4/12,11/6/12,57,38,5,0,Live Phone,Likely Voters
MA,YouGov,811,11/4/12,11/6/12,57,37,6,0,Live Phone,Likely Voters
MA,UMass/Boston Herald,800,11/5/12,11/6/12,57,37,6,0,Live Phone,Likely Voters
CT,Public Policy,1220,11/3/12,11/6/12,55,42,3,0,Live Phone,Likely Voters
CA,YouGov,1575,11/4/12,11/6/12,55,40,5,0,Live Phone,Likely Voters
CA,Field Research,1566,11/3/12,11/6/12,54,39,7,0,Live Phone,Likely Voters
CT,YouGov,895,11/4/12,11/6/12,54,39,7,0,Live Phone,Likely Voters
WA,YouGov,837,11/4/12,11/6/12,54,40,6,0,Live Phone,Likely Voters
MN,Public Policy,1164,11/3/12,11/6/12,53,45,2,0,Live Phone,Likely Voters
WA,Public Policy,932,11/3/12,11/6/12,53,46,1,0,Live Phone,Likely Voters
NJ,YouGov,987,11/4/12,11/6/12,53,41,6,0,Live Phone,Likely Voters
MI,Public Policy,700,11/3/12,11/6/12,52,46,2,0,Live Phone,Likely Voters
PA,Public Policy,790,11/3/12,11/6/12,52,46,2,0,Live Phone,Likely Voters
OH,Public Policy,1000,11/4/12,11/6/12,52,47,1,0,Live Phone,Likely Voters
PA,YouGov,1273,11/4/12,11/6/12,52,44,4,0,Live Phone,Likely Voters
CO,Public Policy,1096,11/5/12,11/6/12,52,46,2,0,Live Phone,Likely Voters
MN,SurveyUSA,556,11/5/12,11/6/12,52,41,7,0,Live Phone,Likely Voters
OH,NBC/WSJ/Marist,971,11/3/12,11/6/12,51,45,4,0,Live Phone,Likely Voters
WI,Public Policy,1256,11/3/12,11/6/12,51,48,1,0,Live Phone,Likely Voters
--,Angus Reid Public Opinion[permanent dead link],1050,11/1/12,11/6/12,51,48,0,0,Live Phone,Likely Voters
MI,YouGov,1091,11/4/12,11/6/12,51,44,5,0,Live Phone,Likely Voters
VA,Public Policy,975,11/4/12,11/6/12,51,47,2,0,Live Phone,Likely Voters
MI,Mitchell Research,1305,11/5/12,11/6/12,51,46,3,0,Live Phone,Likely Voters
NV,Public Policy,750,11/5/12,11/6/12,51,47,2,0,Live Phone,Likely Voters
--,PPP/Americans United for Change,1200,11/1/12,11/6/12,50,47,0,2,Live Phone,Likely Voters
IA,Public Policy,1122,11/4/12,11/6/12,50,48,2,0,Live Phone,Likely Voters
MN,YouGov,790,11/4/12,11/6/12,50,43,7,0,Live Phone,Likely Voters
NH,Public Policy,1550,11/4/12,11/6/12,50,48,2,0,Live Phone,Likely Voters
OH,Columbus Dispatch,1501,11/4/12,11/6/12,50,48,2,0,Live Phone,Likely Voters
WI,YouGov,1225,11/4/12,11/6/12,50,46,4,0,Live Phone,Likely Voters
--,CNN/Opinion Research,918,11/2/12,11/6/12,50,48,0,0,Live Phone,Likely Voters
FL,Public Policy,955,11/5/12,11/6/12,50,49,1,0,Live Phone,Likely Voters
NH,Granite State Poll - Univ. of NH,789,11/5/12,11/6/12,50,46,4,0,Live Phone,Likely Voters
NH,New England College,687,11/5/12,11/6/12,50,46,4,0,Live Phone,Likely Voters
NH,Rasmussen,750,11/5/12,11/6/12,50,48,2,0,Live Phone,Likely Voters
OH,Ohio Poll,889,11/5/12,11/6/12,50,49,1,0,Live Phone,Likely Voters
OH,Ipsos/Reuters,680,11/5/12,11/6/12,50,46,4,0,Live Phone,Likely Voters
FL,NBC/WSJ/Marist,1545,11/3/12,11/6/12,49,47,4,0,Live Phone,Likely Voters
--,Democracy Corps,1080,11/1/12,11/6/12,49,45,0,4,Live Phone,Likely Voters
--,Gallup ,2854,11/1/12,11/6/12,49,46,0,2,Live Phone,Likely Voters
--,Rasmussen ,3000,11/1/12,11/6/12,49,49,0,0,Live Phone,Likely Voters
ME,Critical Insights,613,11/4/12,11/6/12,49,42,9,0,Live Phone,Likely Voters
NM,YouGov,650,11/4/12,11/6/12,49,43,8,0,Live Phone,Likely Voters
NV,YouGov,732,11/4/12,11/6/12,49,45,6,0,Live Phone,Likely Voters
OH,YouGov,1620,11/4/12,11/6/12,49,46,5,0,Live Phone,Likely Voters
PA,Morning Call/Muhlenberg,430,11/4/12,11/6/12,49,46,5,0,Live Phone,Likely Voters
FL,Gravis Marketing,1060,11/5/12,11/6/12,49,49,2,0,Live Phone,Likely Voters
NC,Public Policy,926,11/5/12,11/6/12,49,49,2,0,Live Phone,Likely Voters
NH,American Research Group,600,11/5/12,11/6/12,49,49,2,0,Live Phone,Likely Voters
OH,Rasmussen,750,11/5/12,11/6/12,49,49,2,0,Live Phone,Likely Voters
OH,SurveyUSA,803,11/5/12,11/6/12,49,44,7,0,Live Phone,Likely Voters
OH,Gravis Marketing,1316,11/5/12,11/6/12,49,48,3,0,Live Phone,Likely Voters
PA,Gravis Marketing,1060,11/5/12,11/6/12,49,46,5,0,Live Phone,Likely Voters
NH,Granite State Poll - Univ. of NH,502,11/3/12,11/6/12,48,48,4,0,Live Phone,Likely Voters
VA,Ipsos/Reuters,947,11/3/12,11/6/12,48,45,7,0,Live Phone,Likely Voters
--,NBC/WSJ,1475,11/1/12,11/6/12,48,47,0,2,Live Phone,Likely Voters
CO,Ipsos/Reuters,676,11/4/12,11/6/12,48,48,4,0,Live Phone,Likely Voters
CO,YouGov,752,11/4/12,11/6/12,48,47,5,0,Live Phone,Likely Voters
IA,YouGov,1040,11/4/12,11/6/12,48,47,5,0,Live Phone,Likely Voters
OH,Ipsos/Reuters,712,11/4/12,11/6/12,48,44,8,0,Live Phone,Likely Voters
VA,YouGov,1497,11/4/12,11/6/12,48,46,6,0,Live Phone,Likely Voters
--,Rasmussen ,1500,11/2/12,11/6/12,48,49,0,2,Live Phone,Likely Voters
CO,Ipsos/Reuters,774,11/5/12,11/6/12,48,47,5,0,Live Phone,Likely Voters
IA,American Research Group,600,11/5/12,11/6/12,48,49,3,0,Live Phone,Likely Voters
VA,NBC/WSJ/Marist,1165,11/5/12,11/6/12,48,47,5,0,Live Phone,Likely Voters
VA,Rasmussen,750,11/5/12,11/6/12,48,50,2,0,Live Phone,Likely Voters
VA,Ipsos/Reuters,828,11/5/12,11/6/12,48,46,6,0,Live Phone,Likely Voters
FL,Ipsos/Reuters,946,11/3/12,11/6/12,47,47,6,0,Live Phone,Likely Voters
IA,Selzer & Co.,800,11/3/12,11/6/12,47,42,11,0,Live Phone,Likely Voters
FL,YouGov,1621,11/4/12,11/6/12,47,48,5,0,Live Phone,Likely Voters
NC,YouGov,1500,11/4/12,11/6/12,47,49,4,0,Live Phone,Likely Voters
NH,YouGov,690,11/4/12,11/6/12,47,43,10,0,Live Phone,Likely Voters
PA,Susquehanna Polling & Research,800,11/4/12,11/6/12,47,47,6,0,Live Phone,Likely Voters
VA,Ipsos/Reuters,662,11/4/12,11/6/12,47,46,7,0,Live Phone,Likely Voters
FL,Insider Advantage,437,11/5/12,11/6/12,47,52,1,0,Live Phone,Registered Voters
FL,Ipsos/Reuters,769,11/5/12,11/6/12,47,48,5,0,Live Phone,Likely Voters
OH,Ipsos/Reuters,1031,11/3/12,11/6/12,46,45,9,0,Live Phone,Likely Voters
AZ,Public Policy,1080,11/4/12,11/6/12,46,53,1,0,Live Phone,Likely Voters
FL,Ipsos/Reuters,743,11/4/12,11/6/12,46,46,8,0,Live Phone,Likely Voters
MI,"Foster, Baydoun",1913,11/4/12,11/6/12,46,47,7,0,Live Phone,Likely Voters
NC,Gravis Marketing,1130,11/5/12,11/6/12,46,50,4,0,Live Phone,Likely Voters
CO,Ipsos/Reuters,973,11/3/12,11/6/12,45,47,8,0,Live Phone,Likely Voters
FL,Mason-Dixon,800,11/3/12,11/6/12,45,51,4,0,Live Phone,Likely Voters
MO,Public Policy,835,11/4/12,11/6/12,45,53,2,0,Live Phone,Likely Voters
MT,Public Policy,836,11/4/12,11/6/12,45,52,3,0,Live Phone,Likely Voters
AZ,YouGov,702,11/4/12,11/6/12,44,52,4,0,Live Phone,Likely Voters
GA,YouGov,1070,11/4/12,11/6/12,44,52,4,0,Live Phone,Likely Voters
IN,YouGov,768,11/4/12,11/6/12,44,51,5,0,Live Phone,Likely Voters
IN,Rasmussen,600,11/4/12,11/6/12,43,52,5,0,Live Phone,Likely Voters
MT,Rasmussen,500,11/4/12,11/6/12,43,53,4,0,Live Phone,Likely Voters
MT,Mason-Dixon,625,11/4/12,11/6/12,43,53,4,0,Live Phone,Likely Voters
MO,SurveyUSA,589,11/5/12,11/6/12,43,50,7,0,Live Phone,Likely Voters
SD,Nielson Brothers,671,11/3/12,11/6/12,42,50,8,0,Live Phone,Likely Voters
MO,YouGov,779,11/4/12,11/6/12,42,53,5,0,Live Phone,Likely Voters
TN,YouGov,697,11/4/12,11/6/12,42,53,5,0,Live Phone,Likely Voters
TX,YouGov,1563,11/4/12,11/6/12,38,57,5,0,Live Phone,Likely Voters
UT,Dan Jones & Assoc.,870,11/3/12,11/6/12,26,69,5,0,Live Phone,Registered Voters